"Date","Time","Open","High","Low","Close","Volume"
01/07/2019,0930,148.64,148.82,148.16,148.27,732637
01/07/2019,0931,148.24,148.31,147.71,147.77,343081
01/07/2019,0932,147.75,148.01,147.58,147.86,268223
01/07/2019,0933,147.85,148.11,147.66,148.06,219900
01/07/2019,0934,148.04,148.12,147.84,147.86,201664
01/07/2019,0935,147.86,147.89,147.25,147.29,262251
01/07/2019,0936,147.3,147.44,147.11,147.31,190158
01/07/2019,0937,147.32,147.35,147.03,147.03,162532
01/07/2019,0938,147.05,147.28,146.95,147.09,257730
01/07/2019,0939,147.09,147.13,146.89,147.03,235399
01/07/2019,0940,147.04,147.3,147,147,224779
01/07/2019,0941,147,147.33,147,147.26,144746
01/07/2019,0942,147.24,147.33,147.09,147.26,183411
01/07/2019,0943,147.24,147.29,146.98,147,205998
01/07/2019,0944,147.01,147.04,146.53,146.73,269222
01/07/2019,0945,146.73,146.74,146.53,146.68,196778
01/07/2019,0946,146.68,146.92,146.65,146.9,165032
01/07/2019,0947,146.89,147.06,146.8,146.93,199762
01/07/2019,0948,146.94,147.23,146.9,147.04,218922
01/07/2019,0949,147.05,147.09,146.73,146.83,164272
01/07/2019,0950,146.82,146.94,146.64,146.77,204070
01/07/2019,0951,146.75,146.76,146.43,146.47,251652
01/07/2019,0952,146.48,146.8,146.47,146.78,157626
01/07/2019,0953,146.76,146.9,146.69,146.71,174744
01/07/2019,0954,146.69,146.71,146.5,146.52,133523
01/07/2019,0955,146.51,146.72,146.5,146.72,113576
01/07/2019,0956,146.72,146.81,146.61,146.75,98088
01/07/2019,0957,146.75,146.93,146.7,146.91,116104
01/07/2019,0958,146.91,147.14,146.83,147.08,165973
01/07/2019,0959,147.07,147.35,147.01,147.3,193033
01/07/2019,1000,147.26,147.38,147.04,147.13,183804
01/07/2019,1001,147.11,147.12,146.94,147.01,125914
01/07/2019,1002,147.03,147.06,146.76,146.77,105265
01/07/2019,1003,146.8,147.17,146.79,147.14,141689
01/07/2019,1004,147.13,147.29,147.06,147.28,145930
01/07/2019,1005,147.28,147.45,147.18,147.19,182151
01/07/2019,1006,147.22,147.43,147.2,147.34,110595
01/07/2019,1007,147.33,147.4,147.24,147.39,75976
01/07/2019,1008,147.39,147.71,147.38,147.51,166493
01/07/2019,1009,147.5,147.54,147.25,147.31,107607
01/07/2019,1010,147.33,147.39,146.96,146.98,153339
01/07/2019,1011,146.99,147.06,146.87,146.96,110827
01/07/2019,1012,146.97,147.03,146.85,146.87,77843
01/07/2019,1013,146.86,146.86,146.73,146.81,82804
01/07/2019,1014,146.82,146.88,146.7,146.84,109061
01/07/2019,1015,146.84,146.96,146.73,146.89,99141
01/07/2019,1016,146.88,147.24,146.87,147.17,122585
01/07/2019,1017,147.16,147.36,147.11,147.36,97421
01/07/2019,1018,147.36,147.36,147.12,147.17,95654
01/07/2019,1019,147.19,147.43,147.11,147.38,91149
01/07/2019,1020,147.36,147.45,147.12,147.15,101854
01/07/2019,1021,147.15,147.31,147.05,147.27,59026
01/07/2019,1022,147.28,147.65,147.25,147.62,153972
01/07/2019,1023,147.63,147.72,147.54,147.54,101334
01/07/2019,1024,147.54,147.95,147.54,147.91,188900
01/07/2019,1025,147.9,148.13,147.76,148.1,200083
01/07/2019,1026,148.11,148.21,148.06,148.09,146068
01/07/2019,1027,148.09,148.31,147.99,148.23,143924
01/07/2019,1028,148.22,148.29,148.06,148.06,104251
01/07/2019,1029,148.06,148.17,147.93,147.97,127848
01/07/2019,1030,147.97,148.3,147.97,148.28,103112
01/07/2019,1031,148.26,148.43,148.22,148.32,115451
01/07/2019,1032,148.31,148.32,148.13,148.28,106113
01/07/2019,1033,148.29,148.31,148.21,148.22,86677
01/07/2019,1034,148.22,148.51,148.22,148.45,130233
01/07/2019,1035,148.45,148.65,148.38,148.4,188668
01/07/2019,1036,148.38,148.45,148.19,148.26,145452
01/07/2019,1037,148.26,148.28,148.03,148.22,158770
01/07/2019,1038,148.22,148.24,148.14,148.16,86106
01/07/2019,1039,148.15,148.16,147.97,148.04,152585
01/07/2019,1040,148.04,148.06,147.91,147.99,105101
01/07/2019,1041,147.97,148.18,147.97,148.06,92039
01/07/2019,1042,148.06,148.29,148.03,148.29,85810
01/07/2019,1043,148.3,148.41,148.22,148.24,118550
01/07/2019,1044,148.25,148.38,148.07,148.09,130733
01/07/2019,1045,148.09,148.32,148.06,148.25,91092
01/07/2019,1046,148.25,148.34,148.18,148.33,86881
01/07/2019,1047,148.34,148.62,148.22,148.56,156508
01/07/2019,1048,148.55,148.59,148.4,148.54,89266
01/07/2019,1049,148.54,148.78,148.51,148.74,97477
01/07/2019,1050,148.74,148.83,148.62,148.69,89549
01/07/2019,1051,148.68,148.71,148.47,148.59,80047
01/07/2019,1052,148.58,148.8,148.55,148.68,64685
01/07/2019,1053,148.68,148.71,148.59,148.64,77274
01/07/2019,1054,148.65,148.76,148.54,148.65,100973
01/07/2019,1055,148.63,148.69,148.55,148.55,58773
01/07/2019,1056,148.56,148.61,148.46,148.53,72248
01/07/2019,1057,148.53,148.59,148.13,148.17,177125
01/07/2019,1058,148.18,148.18,147.83,148.05,301306
01/07/2019,1059,148.05,148.15,147.95,148.03,105168
01/07/2019,1100,148.03,148.03,147.53,147.69,231669
01/07/2019,1101,147.68,147.79,147.39,147.42,251801
01/07/2019,1102,147.42,147.46,147.02,147.14,449429
01/07/2019,1103,147.11,147.38,146.89,147.15,406482
01/07/2019,1104,147.17,147.35,147.11,147.28,188553
01/07/2019,1105,147.27,147.37,147.13,147.28,161723
01/07/2019,1106,147.28,147.33,146.91,147.03,191407
01/07/2019,1107,147.03,147.12,146.9,147.01,132241
01/07/2019,1108,147.03,147.3,146.93,147.25,128936
01/07/2019,1109,147.25,147.26,146.71,146.74,305359
01/07/2019,1110,146.73,146.75,146.51,146.65,226950
01/07/2019,1111,146.65,146.84,146.22,146.39,385128
01/07/2019,1112,146.38,146.49,146.3,146.46,151808
01/07/2019,1113,146.45,146.59,146.36,146.53,139436
01/07/2019,1114,146.53,146.64,146.4,146.46,159257
01/07/2019,1115,146.46,146.58,146.35,146.45,195611
01/07/2019,1116,146.46,146.69,146.35,146.56,164456
01/07/2019,1117,146.55,146.64,146.4,146.4,120365
01/07/2019,1118,146.42,146.6,146.4,146.58,116342
01/07/2019,1119,146.58,146.58,146.38,146.57,132599
01/07/2019,1120,146.56,146.56,146.3,146.34,143719
01/07/2019,1121,146.35,146.43,146.07,146.12,224569
01/07/2019,1122,146.12,146.27,145.93,146.23,345147
01/07/2019,1123,146.23,146.36,146.22,146.3,117844
01/07/2019,1124,146.3,146.31,146.01,146.09,177233
01/07/2019,1125,146.08,146.2,145.9,146.08,182049
01/07/2019,1126,146.08,146.33,146.06,146.17,134878
01/07/2019,1127,146.17,146.22,146,146.08,113476
01/07/2019,1128,146.1,146.28,146.09,146.24,75517
01/07/2019,1129,146.25,146.41,146.2,146.28,116210
01/07/2019,1130,146.29,146.35,146.06,146.15,88972
01/07/2019,1131,146.15,146.36,146.1,146.23,64507
01/07/2019,1132,146.22,146.42,146.16,146.39,94697
01/07/2019,1133,146.4,146.56,146.33,146.5,162814
01/07/2019,1134,146.5,146.68,146.5,146.68,102870
01/07/2019,1135,146.69,146.91,146.64,146.88,202552
01/07/2019,1136,146.88,146.91,146.69,146.71,149516
01/07/2019,1137,146.71,146.85,146.69,146.85,100007
01/07/2019,1138,146.81,146.9,146.79,146.9,86603
01/07/2019,1139,146.9,146.99,146.1,146.86,118491
01/07/2019,1140,146.86,146.88,146.69,146.79,110827
01/07/2019,1141,146.79,146.8,146.65,146.75,90918
01/07/2019,1142,146.74,146.89,146.66,146.7,105508
01/07/2019,1143,146.7,146.71,146.44,146.64,101773
01/07/2019,1144,146.65,146.91,146.64,146.87,101402
01/07/2019,1145,146.87,147.1,146.84,147.03,135832
01/07/2019,1146,147.04,147.28,147,147.24,128540
01/07/2019,1147,147.21,147.28,147.05,147.14,141895
01/07/2019,1148,147.15,147.5,147.09,147.48,166379
01/07/2019,1149,147.48,147.51,147.3,147.38,154016
01/07/2019,1150,147.37,147.43,147.3,147.42,114795
01/07/2019,1151,147.42,147.46,147.31,147.38,103286
01/07/2019,1152,147.39,147.5,147.27,147.45,110458
01/07/2019,1153,147.46,147.49,147.25,147.27,156396
01/07/2019,1154,147.26,147.3,147.13,147.27,94904
01/07/2019,1155,147.26,147.27,147.08,147.14,99283
01/07/2019,1156,147.12,147.27,147.03,147.24,94878
01/07/2019,1157,147.23,147.26,147.15,147.18,40877
01/07/2019,1158,147.18,147.34,147.17,147.32,50215
01/07/2019,1159,147.33,147.41,147.2,147.27,87039
01/07/2019,1200,147.27,147.31,147.15,147.17,51861
01/07/2019,1201,147.18,147.19,146.89,146.96,97576
01/07/2019,1202,146.95,147.03,146.89,146.91,81798
01/07/2019,1203,146.91,146.97,146.81,146.93,85270
01/07/2019,1204,146.92,147.01,146.86,146.91,53775
01/07/2019,1205,146.93,147.08,146.92,147.03,60819
01/07/2019,1206,147.03,147.14,146.99,147.13,38721
01/07/2019,1207,147.13,147.18,147.04,147.18,50686
01/07/2019,1208,147.18,147.24,147.13,147.19,72081
01/07/2019,1209,147.19,147.23,147.13,147.13,65423
01/07/2019,1210,147.14,147.14,147.02,147.02,38707
01/07/2019,1211,147.02,147.02,146.94,147.02,76740
01/07/2019,1212,147.02,147.09,147,147.07,53899
01/07/2019,1213,147.08,147.14,147.06,147.12,85969
01/07/2019,1214,147.12,147.33,147.11,147.24,115712
01/07/2019,1215,147.23,147.39,147.16,147.38,143835
01/07/2019,1216,147.39,147.45,147.3,147.44,147392
01/07/2019,1217,147.43,147.47,147.34,147.4,89317
01/07/2019,1218,147.4,147.43,147.32,147.37,83491
01/07/2019,1219,147.37,147.42,147.3,147.37,123993
01/07/2019,1220,147.37,147.47,147.31,147.45,100624
01/07/2019,1221,147.45,147.72,147.45,147.68,180539
01/07/2019,1222,147.68,147.68,147.51,147.65,102663
01/07/2019,1223,147.64,147.74,147.46,147.56,172501
01/07/2019,1224,147.57,147.74,147.57,147.7,71619
01/07/2019,1225,147.71,147.88,147.65,147.88,118847
01/07/2019,1226,147.88,147.89,147.77,147.87,80954
01/07/2019,1227,147.86,147.87,147.65,147.73,83412
01/07/2019,1228,147.73,147.74,147.61,147.69,69206
01/07/2019,1229,147.7,147.77,147.51,147.62,95021
01/07/2019,1230,147.62,147.68,147.45,147.45,88871
01/07/2019,1231,147.45,147.59,147.42,147.54,62868
01/07/2019,1232,147.52,147.54,147.47,147.5,41401
01/07/2019,1233,147.5,147.52,147.44,147.49,67506
01/07/2019,1234,147.49,147.59,147.43,147.48,87906
01/07/2019,1235,147.47,147.48,147.35,147.48,64076
01/07/2019,1236,147.48,147.5,147.28,147.28,59966
01/07/2019,1237,147.28,147.34,147.14,147.2,192919
01/07/2019,1238,147.2,147.4,147.18,147.37,74774
01/07/2019,1239,147.36,147.43,147.33,147.39,36837
01/07/2019,1240,147.38,147.45,147.28,147.35,40499
01/07/2019,1241,147.34,147.34,147.17,147.22,86641
01/07/2019,1242,147.23,147.4,147.23,147.4,35802
01/07/2019,1243,147.4,147.4,147.25,147.26,37195
01/07/2019,1244,147.26,147.27,147.15,147.22,61646
01/07/2019,1245,147.22,147.4,147.22,147.39,49875
01/07/2019,1246,147.39,147.42,147.33,147.38,34924
01/07/2019,1247,147.38,147.49,147.37,147.49,56204
01/07/2019,1248,147.49,147.51,147.32,147.34,88010
01/07/2019,1249,147.35,147.37,147.2,147.36,60598
01/07/2019,1250,147.36,147.39,147.25,147.38,81556
01/07/2019,1251,147.38,147.4,147.18,147.26,54178
01/07/2019,1252,147.26,147.28,147.17,147.23,52016
01/07/2019,1253,147.24,147.24,147.18,147.2,42519
01/07/2019,1254,147.2,147.29,147.17,147.17,69624
01/07/2019,1255,147.17,147.5,147.17,147.5,134236
01/07/2019,1256,147.5,147.8,147.48,147.73,174158
01/07/2019,1257,147.73,147.73,147.6,147.7,60128
01/07/2019,1258,147.7,147.8,147.67,147.74,82998
01/07/2019,1259,147.75,147.77,147.67,147.68,45221
01/07/2019,1300,147.68,147.83,147.6,147.81,91300
01/07/2019,1301,147.82,147.86,147.73,147.73,63081
01/07/2019,1302,147.72,147.9,147.72,147.89,64909
01/07/2019,1303,147.89,148.06,147.88,147.98,141172
01/07/2019,1304,147.99,148.04,147.9,147.96,111964
01/07/2019,1305,147.97,148,147.93,147.99,76290
01/07/2019,1306,147.98,147.99,147.86,147.92,60443
01/07/2019,1307,147.91,147.99,147.9,147.98,71160
01/07/2019,1308,147.97,148,147.91,147.94,52800
01/07/2019,1309,147.94,148,147.93,147.98,36358
01/07/2019,1310,147.98,148.12,147.93,147.99,122811
01/07/2019,1311,148,148.08,147.99,148.06,41930
01/07/2019,1312,148.05,148.07,147.98,147.99,56586
01/07/2019,1313,147.99,148,147.82,147.82,87356
01/07/2019,1314,147.83,147.83,147.57,147.59,148285
01/07/2019,1315,147.58,147.61,147.31,147.32,170545
01/07/2019,1316,147.31,147.33,147.17,147.22,132617
01/07/2019,1317,147.2,147.37,147.19,147.29,57707
01/07/2019,1318,147.29,147.37,147.27,147.31,69818
01/07/2019,1319,147.31,147.43,147.26,147.33,113439
01/07/2019,1320,147.33,147.33,147.2,147.22,97094
01/07/2019,1321,147.21,147.32,147.15,147.2,112211
01/07/2019,1322,147.2,147.28,147.16,147.2,68185
01/07/2019,1323,147.2,147.23,146.98,146.99,208468
01/07/2019,1324,146.99,147.08,146.92,147.03,85422
01/07/2019,1325,147.02,147.16,147.01,147.1,70097
01/07/2019,1326,147.1,147.24,147.09,147.15,77472
01/07/2019,1327,147.13,147.21,147.02,147.14,79367
01/07/2019,1328,147.15,147.18,147,147.02,73945
01/07/2019,1329,147.02,147.26,147.01,147.24,100380
01/07/2019,1330,147.24,147.24,146.99,147.07,89392
01/07/2019,1331,147.07,147.1,146.97,146.98,69244
01/07/2019,1332,146.98,147.16,146.92,147.15,104954
01/07/2019,1333,147.15,147.18,147.01,147.06,76201
01/07/2019,1334,147.08,147.14,146.97,147.13,72991
01/07/2019,1335,147.14,147.17,146.99,147.09,69710
01/07/2019,1336,147.1,147.12,146.91,147,71117
01/07/2019,1337,146.99,147.05,146.92,147.04,54452
01/07/2019,1338,147.03,147.07,146.98,147.05,52891
01/07/2019,1339,147.05,147.08,146.96,147.07,44981
01/07/2019,1340,147.07,147.17,147.03,147.14,102880
01/07/2019,1341,147.15,147.19,147.05,147.16,49180
01/07/2019,1342,147.15,147.34,147.14,147.24,79709
01/07/2019,1343,147.25,147.28,147.16,147.23,45995
01/07/2019,1344,147.24,147.26,147.17,147.22,32462
01/07/2019,1345,147.22,147.25,147.15,147.18,38971
01/07/2019,1346,147.18,147.26,147.05,147.05,54102
01/07/2019,1347,147.06,147.07,146.86,146.88,145416
01/07/2019,1348,146.86,147.01,146.84,146.94,68297
01/07/2019,1349,146.94,147.01,146.9,146.98,49077
01/07/2019,1350,146.98,146.99,146.83,146.83,80704
01/07/2019,1351,146.82,146.84,146.73,146.75,115489
01/07/2019,1352,146.76,146.87,146.7,146.83,104586
01/07/2019,1353,146.82,146.83,146.61,146.73,71186
01/07/2019,1354,146.71,146.9,146.66,146.88,81465
01/07/2019,1355,146.89,147,146.78,146.95,112351
01/07/2019,1356,146.96,147.03,146.93,146.97,62398
01/07/2019,1357,146.98,146.98,146.8,146.85,60128
01/07/2019,1358,146.84,146.84,146.7,146.83,58678
01/07/2019,1359,146.82,146.89,146.75,146.85,37225
01/07/2019,1400,146.85,146.91,146.83,146.87,57108
01/07/2019,1401,146.86,147.04,146.86,147.04,65397
01/07/2019,1402,147.04,147.16,147,147.16,55413
01/07/2019,1403,147.16,147.19,147.05,147.07,45809
01/07/2019,1404,147.06,147.08,146.97,147.02,44241
01/07/2019,1405,147.02,147.06,146.98,147,44137
01/07/2019,1406,147.01,147.04,146.87,146.97,59135
01/07/2019,1407,146.98,147,146.93,146.98,64033
01/07/2019,1408,146.98,146.98,146.73,146.74,83625
01/07/2019,1409,146.75,146.82,146.71,146.78,56215
01/07/2019,1410,146.78,146.81,146.63,146.68,101319
01/07/2019,1411,146.68,146.75,146.68,146.74,45502
01/07/2019,1412,146.74,146.76,146.67,146.74,59704
01/07/2019,1413,146.74,146.93,146.72,146.91,59824
01/07/2019,1414,146.89,146.94,146.86,146.91,49458
01/07/2019,1415,146.92,146.97,146.76,146.95,98790
01/07/2019,1416,146.95,147.1,146.94,146.96,85912
01/07/2019,1417,146.95,147.05,146.94,146.96,54443
01/07/2019,1418,146.96,147,146.85,146.9,65063
01/07/2019,1419,146.9,146.91,146.73,146.84,59874
01/07/2019,1420,146.84,147,146.83,146.98,43865
01/07/2019,1421,147,147.02,146.83,146.91,50757
01/07/2019,1422,146.9,147.02,146.9,146.98,43373
01/07/2019,1423,146.98,147.03,146.9,146.93,38069
01/07/2019,1424,146.93,146.94,146.72,146.72,60229
01/07/2019,1425,146.74,146.74,146.66,146.7,60831
01/07/2019,1426,146.69,146.71,146.54,146.61,90444
01/07/2019,1427,146.6,146.72,146.59,146.7,59498
01/07/2019,1428,146.7,146.73,146.61,146.65,64918
01/07/2019,1429,146.66,146.68,146.57,146.58,56060
01/07/2019,1430,146.57,146.64,146.43,146.53,116985
01/07/2019,1431,146.55,146.58,146.43,146.56,66295
01/07/2019,1432,146.56,146.61,146.48,146.49,47398
01/07/2019,1433,146.5,146.59,146.44,146.44,48323
01/07/2019,1434,146.44,146.45,146.21,146.31,136655
01/07/2019,1435,146.3,146.4,146.27,146.38,57380
01/07/2019,1436,146.38,146.38,146.25,146.29,63874
01/07/2019,1437,146.29,146.36,146.26,146.29,42625
01/07/2019,1438,146.29,146.3,146.21,146.29,79733
01/07/2019,1439,146.29,146.32,146.21,146.27,42212
01/07/2019,1440,146.27,146.4,146.26,146.34,69030
01/07/2019,1441,146.31,146.54,146.3,146.54,132174
01/07/2019,1442,146.55,146.69,146.54,146.67,111788
01/07/2019,1443,146.67,146.83,146.66,146.72,118192
01/07/2019,1444,146.72,146.78,146.63,146.67,70990
01/07/2019,1445,146.68,146.68,146.51,146.57,75015
01/07/2019,1446,146.57,146.6,146.46,146.47,43581
01/07/2019,1447,146.48,146.57,146.45,146.54,37015
01/07/2019,1448,146.56,146.6,146.5,146.56,55578
01/07/2019,1449,146.56,146.71,146.55,146.66,53990
01/07/2019,1450,146.65,146.68,146.59,146.66,35674
01/07/2019,1451,146.65,146.78,146.61,146.73,58320
01/07/2019,1452,146.74,146.76,146.48,146.58,97552
01/07/2019,1453,146.58,146.61,146.51,146.61,65726
01/07/2019,1454,146.61,146.62,146.52,146.59,53158
01/07/2019,1455,146.58,146.67,146.48,146.67,84983
01/07/2019,1456,146.68,146.7,146.6,146.67,72354
01/07/2019,1457,146.68,146.72,146.56,146.6,71671
01/07/2019,1458,146.6,146.87,146.6,146.85,100910
01/07/2019,1459,146.86,147.04,146.83,146.99,138613
01/07/2019,1500,146.99,147.06,146.95,147.05,132937
01/07/2019,1501,147.05,147.16,146.99,147.15,141682
01/07/2019,1502,147.14,147.21,147.05,147.17,117076
01/07/2019,1503,147.16,147.3,147.13,147.28,103568
01/07/2019,1504,147.27,147.41,147.27,147.4,167035
01/07/2019,1505,147.4,147.48,147.31,147.44,135141
01/07/2019,1506,147.46,147.5,147.37,147.38,140342
01/07/2019,1507,147.38,147.45,147.3,147.41,101891
01/07/2019,1508,147.42,147.49,147.36,147.44,92489
01/07/2019,1509,147.44,147.53,147.37,147.44,151531
01/07/2019,1510,147.46,147.6,147.45,147.57,123761
01/07/2019,1511,147.56,147.58,147.5,147.52,82021
01/07/2019,1512,147.52,147.53,147.39,147.39,115052
01/07/2019,1513,147.39,147.6,147.39,147.57,110119
01/07/2019,1514,147.58,147.6,147.47,147.48,126427
01/07/2019,1515,147.48,147.73,147.47,147.67,143795
01/07/2019,1516,147.66,147.78,147.63,147.74,137863
01/07/2019,1517,147.75,147.76,147.63,147.64,125990
01/07/2019,1518,147.64,147.82,147.64,147.8,126810
01/07/2019,1519,147.79,147.91,147.69,147.86,159280
01/07/2019,1520,147.86,147.88,147.75,147.82,124703
01/07/2019,1521,147.81,147.89,147.74,147.85,135663
01/07/2019,1522,147.85,147.9,147.81,147.88,102087
01/07/2019,1523,147.87,147.93,147.8,147.91,125321
01/07/2019,1524,147.91,148.02,147.88,148,199542
01/07/2019,1525,147.99,148.14,147.97,148.13,145997
01/07/2019,1526,148.14,148.21,148.1,148.19,138608
01/07/2019,1527,148.18,148.21,148.12,148.17,137014
01/07/2019,1528,148.15,148.36,148.14,148.36,163465
01/07/2019,1529,148.36,148.38,148.2,148.24,147645
01/07/2019,1530,148.26,148.39,147.86,147.88,250123
01/07/2019,1531,147.88,147.88,147.55,147.65,245086
01/07/2019,1532,147.65,147.73,147.56,147.72,215981
01/07/2019,1533,147.73,147.8,147.61,147.69,147097
01/07/2019,1534,147.7,147.87,147.68,147.85,115614
01/07/2019,1535,147.87,147.93,147.76,147.92,131961
01/07/2019,1536,147.93,148.06,147.93,148.03,148201
01/07/2019,1537,148.03,148.22,148.02,148.22,113778
01/07/2019,1538,148.22,148.23,148.08,148.22,110883
01/07/2019,1539,148.22,148.23,148.06,148.07,92189
01/07/2019,1540,148.06,148.12,148.02,148.1,115088
01/07/2019,1541,148.1,148.11,148.02,148.11,82548
01/07/2019,1542,148.1,148.12,147.97,148.06,98086
01/07/2019,1543,148.06,148.18,148.05,148.12,95008
01/07/2019,1544,148.14,148.21,148.09,148.16,143632
01/07/2019,1545,148.15,148.33,148.14,148.33,232635
01/07/2019,1546,148.32,148.38,148.17,148.27,138830
01/07/2019,1547,148.27,148.4,148.27,148.31,96035
01/07/2019,1548,148.32,148.33,148.13,148.16,101656
01/07/2019,1549,148.17,148.22,148.09,148.1,113610
01/07/2019,1550,148.1,148.12,147.82,147.87,128175
01/07/2019,1551,147.87,147.97,147.78,147.96,105614
01/07/2019,1552,147.96,148.06,147.87,147.89,110585
01/07/2019,1553,147.88,147.94,147.87,147.91,71614
01/07/2019,1554,147.91,147.93,147.78,147.79,104913
01/07/2019,1555,147.8,148.02,147.79,147.88,224072
01/07/2019,1556,147.88,147.98,147.84,147.85,133952
01/07/2019,1557,147.85,147.92,147.82,147.9,108900
01/07/2019,1558,147.9,147.95,147.85,147.91,127822
01/07/2019,1559,147.9,148.04,147.8,147.89,618844
01/08/2019,0930,149.34,149.75,148.98,149.55,931871
01/08/2019,0931,149.55,149.66,149.22,149.56,273941
01/08/2019,0932,149.54,149.86,149.45,149.49,315164
01/08/2019,0933,149.5,149.89,149.36,149.74,315289
01/08/2019,0934,149.74,149.93,149.6,149.87,150020
01/08/2019,0935,149.87,150.05,149.67,149.85,461903
01/08/2019,0936,149.85,150,149.66,149.71,181502
01/08/2019,0937,149.76,149.79,149.55,149.69,174807
01/08/2019,0938,149.7,149.77,149.55,149.7,120383
01/08/2019,0939,149.71,149.77,149.44,149.44,146838
01/08/2019,0940,149.45,149.57,149.3,149.33,209436
01/08/2019,0941,149.4,149.53,149.24,149.27,158600
01/08/2019,0942,149.27,149.56,149.25,149.4,124616
01/08/2019,0943,149.4,149.56,149.16,149.24,169233
01/08/2019,0944,149.25,149.55,149.17,149.32,137912
01/08/2019,0945,149.31,149.38,149.14,149.22,132490
01/08/2019,0946,149.21,149.43,149.12,149.38,109934
01/08/2019,0947,149.37,149.51,149.28,149.48,201948
01/08/2019,0948,149.47,149.5,149.26,149.37,130062
01/08/2019,0949,149.37,149.59,149.32,149.54,154141
01/08/2019,0950,149.53,149.59,149.36,149.46,163371
01/08/2019,0951,149.48,149.78,149.46,149.51,256047
01/08/2019,0952,149.51,149.69,149.51,149.69,195068
01/08/2019,0953,149.68,149.72,149.53,149.69,109616
01/08/2019,0954,149.69,149.76,149.6,149.62,119796
01/08/2019,0955,149.64,149.8,149.58,149.75,176260
01/08/2019,0956,149.76,149.78,149.44,149.54,102486
01/08/2019,0957,149.54,149.54,149.05,149.11,168112
01/08/2019,0958,149.11,149.22,148.9,148.99,191641
01/08/2019,0959,148.98,149.1,148.89,149.01,213400
01/08/2019,1000,149.02,149.19,148.99,149.19,149794
01/08/2019,1001,149.18,149.23,148.93,148.97,150006
01/08/2019,1002,148.96,149.21,148.96,149.16,108641
01/08/2019,1003,149.15,149.19,149,149.08,99214
01/08/2019,1004,149.1,149.34,149.07,149.28,100156
01/08/2019,1005,149.3,149.46,149.25,149.35,108774
01/08/2019,1006,149.36,149.48,149.31,149.4,77069
01/08/2019,1007,149.41,149.45,149.35,149.42,51864
01/08/2019,1008,149.42,149.53,149.39,149.46,73774
01/08/2019,1009,149.46,149.48,149.38,149.45,65151
01/08/2019,1010,149.46,149.47,149.29,149.43,75529
01/08/2019,1011,149.44,149.6,149.43,149.55,142195
01/08/2019,1012,149.56,149.73,149.5,149.51,132300
01/08/2019,1013,149.51,149.51,149.28,149.29,105093
01/08/2019,1014,149.31,149.32,149.03,149.16,107826
01/08/2019,1015,149.16,149.16,149.05,149.08,81323
01/08/2019,1016,149.08,149.22,149.06,149.1,80686
01/08/2019,1017,149.08,149.08,148.74,148.76,165645
01/08/2019,1018,148.78,148.92,148.7,148.74,142279
01/08/2019,1019,148.74,148.8,148.52,148.69,175097
01/08/2019,1020,148.69,148.82,148.54,148.72,168303
01/08/2019,1021,148.71,148.9,148.67,148.86,89902
01/08/2019,1022,148.83,149.05,148.75,149.02,118166
01/08/2019,1023,149,149.15,148.97,149.04,64547
01/08/2019,1024,149.03,149.1,148.97,148.97,67881
01/08/2019,1025,148.96,149.14,148.96,149.13,54928
01/08/2019,1026,149.12,149.12,148.96,149,90369
01/08/2019,1027,148.99,149.05,148.88,149.01,99110
01/08/2019,1028,149,149.1,148.94,149,52175
01/08/2019,1029,149,149.09,148.97,148.98,72249
01/08/2019,1030,148.99,149.1,148.96,149,106631
01/08/2019,1031,148.99,149,148.76,148.77,96785
01/08/2019,1032,148.77,148.89,148.72,148.79,78512
01/08/2019,1033,148.78,148.8,148.64,148.66,68660
01/08/2019,1034,148.65,148.73,148.61,148.73,153553
01/08/2019,1035,148.74,148.77,148.58,148.75,76240
01/08/2019,1036,148.75,148.86,148.66,148.77,90238
01/08/2019,1037,148.77,149.03,148.69,148.97,134440
01/08/2019,1038,148.96,149.19,148.94,149.17,104522
01/08/2019,1039,149.16,149.23,149.01,149.2,113941
01/08/2019,1040,149.2,149.39,149.13,149.32,85781
01/08/2019,1041,149.32,149.41,149.24,149.28,71610
01/08/2019,1042,149.28,149.39,149.17,149.37,59277
01/08/2019,1043,149.38,149.43,149.25,149.3,63116
01/08/2019,1044,149.27,149.3,149.05,149.11,70707
01/08/2019,1045,149.11,149.17,149,149.16,77896
01/08/2019,1046,149.16,149.19,148.96,148.99,80935
01/08/2019,1047,149,149,148.86,148.97,101129
01/08/2019,1048,148.95,148.96,148.89,148.92,80472
01/08/2019,1049,148.93,149.14,148.93,149.08,81876
01/08/2019,1050,149.08,149.1,148.96,149.02,87386
01/08/2019,1051,149.02,149.05,148.8,148.87,70065
01/08/2019,1052,148.88,148.97,148.79,148.8,59027
01/08/2019,1053,148.81,148.85,148.72,148.75,123476
01/08/2019,1054,148.76,148.78,148.67,148.77,49399
01/08/2019,1055,148.77,148.77,148.65,148.76,45639
01/08/2019,1056,148.75,148.83,148.71,148.79,92003
01/08/2019,1057,148.79,148.85,148.72,148.77,78600
01/08/2019,1058,148.77,148.87,148.74,148.86,44521
01/08/2019,1059,148.85,148.91,148.8,148.89,61574
01/08/2019,1100,148.91,149,148.82,148.98,63892
01/08/2019,1101,148.99,149.05,148.98,149,52542
01/08/2019,1102,149.02,149.19,148.99,149.16,52323
01/08/2019,1103,149.16,149.33,149.12,149.25,123029
01/08/2019,1104,149.25,149.35,149.22,149.32,150490
01/08/2019,1105,149.33,149.39,149.31,149.37,64993
01/08/2019,1106,149.38,149.43,149.25,149.25,54292
01/08/2019,1107,149.25,149.43,149.24,149.43,27246
01/08/2019,1108,149.44,149.62,149.44,149.58,110405
01/08/2019,1109,149.58,149.71,149.58,149.64,71915
01/08/2019,1110,149.65,149.74,149.62,149.72,55521
01/08/2019,1111,149.73,149.78,149.7,149.76,88320
01/08/2019,1112,149.76,149.85,149.73,149.75,91267
01/08/2019,1113,149.76,149.9,149.67,149.68,72892
01/08/2019,1114,149.68,149.75,149.55,149.69,87270
01/08/2019,1115,149.7,149.73,149.61,149.71,48495
01/08/2019,1116,149.71,149.74,149.57,149.73,50036
01/08/2019,1117,149.72,149.84,149.72,149.82,55765
01/08/2019,1118,149.82,149.97,149.79,149.94,79099
01/08/2019,1119,149.95,150.09,149.88,150.05,243041
01/08/2019,1120,150.06,150.22,150.06,150.13,168526
01/08/2019,1121,150.1,150.15,150,150.04,76277
01/08/2019,1122,150.05,150.06,149.9,149.92,88559
01/08/2019,1123,149.91,150.02,149.84,149.88,92333
01/08/2019,1124,149.88,149.97,149.8,149.87,78257
01/08/2019,1125,149.89,149.99,149.81,149.89,59077
01/08/2019,1126,149.89,149.89,149.61,149.77,75431
01/08/2019,1127,149.79,149.86,149.66,149.69,59944
01/08/2019,1128,149.68,149.69,149.57,149.59,49732
01/08/2019,1129,149.59,149.7,149.54,149.56,55399
01/08/2019,1130,149.55,149.55,149.32,149.4,95285
01/08/2019,1131,149.4,149.45,149.27,149.29,57147
01/08/2019,1132,149.28,149.4,149.25,149.39,70335
01/08/2019,1133,149.4,149.41,149.29,149.34,47532
01/08/2019,1134,149.33,149.41,149.26,149.41,36494
01/08/2019,1135,149.41,149.5,149.31,149.45,46250
01/08/2019,1136,149.45,149.58,149.44,149.58,30318
01/08/2019,1137,149.58,149.63,149.48,149.58,56867
01/08/2019,1138,149.56,149.77,149.55,149.69,57073
01/08/2019,1139,149.69,149.79,149.61,149.7,34100
01/08/2019,1140,149.71,149.8,149.64,149.8,23534
01/08/2019,1141,149.8,149.83,149.75,149.81,34098
01/08/2019,1142,149.81,149.86,149.74,149.78,55166
01/08/2019,1143,149.78,149.79,149.63,149.67,40672
01/08/2019,1144,149.67,149.67,149.57,149.61,35939
01/08/2019,1145,149.6,149.8,149.57,149.78,45838
01/08/2019,1146,149.77,149.82,149.75,149.78,44745
01/08/2019,1147,149.8,149.81,149.65,149.67,42349
01/08/2019,1148,149.67,149.73,149.62,149.7,34559
01/08/2019,1149,149.69,149.75,149.67,149.72,38248
01/08/2019,1150,149.73,149.76,149.61,149.76,60758
01/08/2019,1151,149.76,149.84,149.72,149.77,42639
01/08/2019,1152,149.78,149.82,149.62,149.64,26432
01/08/2019,1153,149.64,149.77,149.64,149.74,35214
01/08/2019,1154,149.74,149.78,149.69,149.69,27420
01/08/2019,1155,149.71,149.82,149.7,149.76,57326
01/08/2019,1156,149.76,149.85,149.63,149.65,61698
01/08/2019,1157,149.65,149.76,149.61,149.64,59333
01/08/2019,1158,149.63,149.73,149.61,149.62,32901
01/08/2019,1159,149.63,149.65,149.51,149.52,46740
01/08/2019,1200,149.52,149.63,149.43,149.56,68489
01/08/2019,1201,149.58,149.66,149.57,149.63,36338
01/08/2019,1202,149.63,149.71,149.44,149.67,87119
01/08/2019,1203,149.69,149.96,149.69,149.91,202312
01/08/2019,1204,149.9,150.04,149.89,149.97,228196
01/08/2019,1205,149.97,150,149.81,149.99,79041
01/08/2019,1206,149.99,150.06,149.96,150.05,71459
01/08/2019,1207,150.05,150.07,149.97,149.98,119261
01/08/2019,1208,149.99,150.02,149.94,149.99,58694
01/08/2019,1209,150,150,149.88,149.95,45524
01/08/2019,1210,149.95,150.02,149.9,149.97,70862
01/08/2019,1211,149.98,150.07,149.97,150.01,77449
01/08/2019,1212,150,150.01,149.8,149.83,45849
01/08/2019,1213,149.83,149.89,149.8,149.88,28953
01/08/2019,1214,149.89,150.01,149.86,149.99,44009
01/08/2019,1215,149.98,150.05,149.96,149.98,70599
01/08/2019,1216,149.99,150.07,149.96,150.03,64461
01/08/2019,1217,150.04,150.09,150.01,150.06,53535
01/08/2019,1218,150.06,150.3,150.05,150.27,168188
01/08/2019,1219,150.28,150.38,150.24,150.35,89362
01/08/2019,1220,150.35,150.39,150.26,150.3,66689
01/08/2019,1221,150.3,150.31,150.23,150.27,33456
01/08/2019,1222,150.27,150.35,150.25,150.32,45348
01/08/2019,1223,150.32,150.38,150.28,150.38,50387
01/08/2019,1224,150.38,150.48,150.37,150.45,67327
01/08/2019,1225,150.44,150.54,150.42,150.53,86982
01/08/2019,1226,150.51,150.67,150.5,150.65,106513
01/08/2019,1227,150.66,150.72,150.66,150.67,108933
01/08/2019,1228,150.67,150.7,150.63,150.67,64132
01/08/2019,1229,150.68,150.72,150.47,150.47,81254
01/08/2019,1230,150.48,150.54,150.43,150.49,57150
01/08/2019,1231,150.49,150.64,150.48,150.63,44253
01/08/2019,1232,150.64,150.65,150.54,150.54,46589
01/08/2019,1233,150.55,150.58,150.5,150.55,36480
01/08/2019,1234,150.55,150.55,150.47,150.5,48718
01/08/2019,1235,150.47,150.47,150.21,150.34,126499
01/08/2019,1236,150.34,150.43,150.34,150.41,36719
01/08/2019,1237,150.41,150.46,150.34,150.38,42398
01/08/2019,1238,150.39,150.41,150.26,150.3,32626
01/08/2019,1239,150.3,150.36,150.27,150.36,43960
01/08/2019,1240,150.35,150.47,150.32,150.43,98407
01/08/2019,1241,150.43,150.51,150.37,150.51,73937
01/08/2019,1242,150.5,150.51,150.44,150.47,33333
01/08/2019,1243,150.49,150.55,150.44,150.54,25572
01/08/2019,1244,150.54,150.55,150.49,150.52,30357
01/08/2019,1245,150.53,150.6,150.48,150.5,45724
01/08/2019,1246,150.52,150.59,150.48,150.48,44892
01/08/2019,1247,150.47,150.51,150.39,150.47,58704
01/08/2019,1248,150.47,150.47,150.16,150.16,102079
01/08/2019,1249,150.16,150.2,150.09,150.09,45042
01/08/2019,1250,150.11,150.11,149.97,150,86372
01/08/2019,1251,150,150.05,149.92,150.05,71829
01/08/2019,1252,150.05,150.17,150.04,150.12,61491
01/08/2019,1253,150.12,150.12,149.99,150.07,38458
01/08/2019,1254,150.05,150.15,150.05,150.07,38785
01/08/2019,1255,150.07,150.07,149.94,150.01,47014
01/08/2019,1256,150.02,150.03,149.88,149.99,55302
01/08/2019,1257,150,150.03,149.93,150.02,41084
01/08/2019,1258,150.02,150.09,150.01,150.04,34729
01/08/2019,1259,150.03,150.04,149.94,149.99,36987
01/08/2019,1300,150.01,150.05,149.91,149.95,27299
01/08/2019,1301,149.94,149.95,149.76,149.81,80126
01/08/2019,1302,149.82,149.85,149.75,149.83,29967
01/08/2019,1303,149.83,150.09,149.81,150.04,92596
01/08/2019,1304,150.05,150.07,150,150.04,35401
01/08/2019,1305,150.04,150.13,150.02,150.09,46191
01/08/2019,1306,150.1,150.15,150.04,150.12,42843
01/08/2019,1307,150.11,150.13,150.06,150.11,45527
01/08/2019,1308,150.1,150.15,150.04,150.09,25471
01/08/2019,1309,150.09,150.1,150.02,150.05,32960
01/08/2019,1310,150.06,150.16,150.06,150.09,48654
01/08/2019,1311,150.09,150.09,149.96,150.04,57400
01/08/2019,1312,150.04,150.2,150.04,150.09,31393
01/08/2019,1313,150.09,150.12,150.05,150.09,47655
01/08/2019,1314,150.08,150.24,150.08,150.19,78537
01/08/2019,1315,150.22,150.39,150.19,150.39,95001
01/08/2019,1316,150.38,150.54,150.36,150.48,110437
01/08/2019,1317,150.48,150.49,150.26,150.27,77589
01/08/2019,1318,150.27,150.42,150.25,150.38,70716
01/08/2019,1319,150.38,150.48,150.37,150.39,115823
01/08/2019,1320,150.38,150.5,150.32,150.47,57595
01/08/2019,1321,150.47,150.69,150.47,150.63,140460
01/08/2019,1322,150.63,150.94,150.61,150.92,155209
01/08/2019,1323,150.93,151.02,150.69,150.72,240471
01/08/2019,1324,150.73,150.88,150.71,150.85,81822
01/08/2019,1325,150.84,150.95,150.83,150.9,121556
01/08/2019,1326,150.89,150.99,150.89,150.98,77107
01/08/2019,1327,150.98,151.06,150.87,151.01,124172
01/08/2019,1328,151.02,151.13,151.02,151.08,129230
01/08/2019,1329,151.08,151.1,151.06,151.07,108479
01/08/2019,1330,151.07,151.11,150.91,150.94,75962
01/08/2019,1331,150.93,151.05,150.88,150.99,66864
01/08/2019,1332,151,151.06,150.96,151.03,34014
01/08/2019,1333,151.03,151.03,150.91,150.99,64736
01/08/2019,1334,150.99,151.06,150.95,151.04,48416
01/08/2019,1335,151.03,151.16,151.01,151.11,78145
01/08/2019,1336,151.12,151.2,151.12,151.15,80327
01/08/2019,1337,151.14,151.15,151,151,52738
01/08/2019,1338,151,151.04,150.95,150.96,41678
01/08/2019,1339,150.95,151,150.88,150.89,51458
01/08/2019,1340,150.89,150.89,150.81,150.89,59718
01/08/2019,1341,150.89,150.94,150.88,150.88,30458
01/08/2019,1342,150.9,150.98,150.87,150.89,24115
01/08/2019,1343,150.88,150.9,150.77,150.79,43934
01/08/2019,1344,150.8,150.82,150.72,150.77,44856
01/08/2019,1345,150.77,150.77,150.55,150.66,107689
01/08/2019,1346,150.67,150.71,150.65,150.66,33537
01/08/2019,1347,150.66,150.66,150.53,150.6,49347
01/08/2019,1348,150.61,150.65,150.58,150.64,32938
01/08/2019,1349,150.64,150.83,150.62,150.82,89180
01/08/2019,1350,150.83,150.97,150.8,150.93,47214
01/08/2019,1351,150.93,151.06,150.91,151.06,63069
01/08/2019,1352,151.07,151.25,151.03,151.14,163212
01/08/2019,1353,151.15,151.29,151.1,151.26,62570
01/08/2019,1354,151.26,151.36,151.22,151.25,105054
01/08/2019,1355,151.26,151.27,151.11,151.13,61243
01/08/2019,1356,151.12,151.29,151.07,151.26,87560
01/08/2019,1357,151.26,151.29,151.15,151.23,80260
01/08/2019,1358,151.25,151.35,151.22,151.28,71652
01/08/2019,1359,151.28,151.44,151.25,151.3,109461
01/08/2019,1400,151.29,151.31,151.12,151.19,89845
01/08/2019,1401,151.16,151.23,151.14,151.2,61583
01/08/2019,1402,151.23,151.34,151.19,151.33,37705
01/08/2019,1403,151.34,151.36,151.25,151.25,42831
01/08/2019,1404,151.26,151.27,151.11,151.19,57059
01/08/2019,1405,151.18,151.25,151.15,151.19,30452
01/08/2019,1406,151.2,151.25,151.14,151.2,54158
01/08/2019,1407,151.21,151.29,151.1,151.1,57486
01/08/2019,1408,151.08,151.17,151.03,151.15,44414
01/08/2019,1409,151.14,151.22,151.01,151.1,58864
01/08/2019,1410,151.1,151.19,151.08,151.19,31491
01/08/2019,1411,151.17,151.17,151.08,151.12,33307
01/08/2019,1412,151.12,151.22,151.08,151.18,37760
01/08/2019,1413,151.18,151.26,151.14,151.24,47735
01/08/2019,1414,151.23,151.29,151.22,151.29,19447
01/08/2019,1415,151.28,151.35,151.23,151.24,36044
01/08/2019,1416,151.24,151.29,151.15,151.23,29007
01/08/2019,1417,151.24,151.34,151.24,151.27,43124
01/08/2019,1418,151.28,151.28,151.12,151.14,41948
01/08/2019,1419,151.14,151.14,151.05,151.07,58219
01/08/2019,1420,151.06,151.1,150.96,151,93834
01/08/2019,1421,151,151.09,150.96,151.02,78730
01/08/2019,1422,151.02,151.04,150.88,150.92,56651
01/08/2019,1423,150.94,150.99,150.94,150.96,36515
01/08/2019,1424,150.96,150.96,150.83,150.87,48406
01/08/2019,1425,150.85,150.97,150.84,150.96,41209
01/08/2019,1426,150.95,150.96,150.85,150.92,38242
01/08/2019,1427,150.92,150.96,150.86,150.86,23943
01/08/2019,1428,150.86,150.89,150.75,150.86,44238
01/08/2019,1429,150.87,150.97,150.83,150.96,34983
01/08/2019,1430,150.95,151,150.88,150.98,34742
01/08/2019,1431,150.98,151.19,150.98,151.17,72896
01/08/2019,1432,151.18,151.19,151.14,151.17,41379
01/08/2019,1433,151.17,151.19,151.11,151.16,26982
01/08/2019,1434,151.16,151.2,151.11,151.11,26685
01/08/2019,1435,151.1,151.12,150.97,151.07,65301
01/08/2019,1436,151.06,151.18,151.03,151.13,38427
01/08/2019,1437,151.12,151.15,151.04,151.14,40980
01/08/2019,1438,151.14,151.25,151.05,151.2,83257
01/08/2019,1439,151.2,151.29,151.17,151.27,42808
01/08/2019,1440,151.25,151.39,151.24,151.38,70378
01/08/2019,1441,151.37,151.6,151.36,151.43,152624
01/08/2019,1442,151.45,151.55,151.44,151.47,54308
01/08/2019,1443,151.48,151.57,151.46,151.55,52652
01/08/2019,1444,151.55,151.68,151.54,151.65,83874
01/08/2019,1445,151.65,151.68,151.57,151.57,50812
01/08/2019,1446,151.57,151.57,151.39,151.46,76982
01/08/2019,1447,151.45,151.51,151.37,151.51,47191
01/08/2019,1448,151.5,151.61,151.48,151.6,51881
01/08/2019,1449,151.6,151.74,151.58,151.69,70811
01/08/2019,1450,151.69,151.82,151.67,151.79,98226
01/08/2019,1451,151.8,151.82,151.66,151.69,69413
01/08/2019,1452,151.68,151.71,151.58,151.62,52648
01/08/2019,1453,151.62,151.7,151.57,151.58,57510
01/08/2019,1454,151.58,151.62,151.53,151.58,53687
01/08/2019,1455,151.57,151.57,151.45,151.47,54977
01/08/2019,1456,151.48,151.55,151.37,151.41,66584
01/08/2019,1457,151.41,151.48,151.36,151.44,57020
01/08/2019,1458,151.43,151.49,151.38,151.49,45400
01/08/2019,1459,151.49,151.5,151.4,151.42,34361
01/08/2019,1500,151.42,151.42,151.25,151.38,93632
01/08/2019,1501,151.37,151.42,151.35,151.41,39892
01/08/2019,1502,151.39,151.42,151.33,151.37,37248
01/08/2019,1503,151.38,151.43,151.35,151.35,40813
01/08/2019,1504,151.36,151.38,151.24,151.26,34992
01/08/2019,1505,151.26,151.31,151.02,151.05,89303
01/08/2019,1506,151.05,151.06,151,151.03,51078
01/08/2019,1507,151.03,151.14,151.01,151.14,74116
01/08/2019,1508,151.14,151.26,151.09,151.26,70080
01/08/2019,1509,151.26,151.32,151.18,151.18,95056
01/08/2019,1510,151.19,151.19,151.13,151.18,52699
01/08/2019,1511,151.17,151.18,151.05,151.09,46826
01/08/2019,1512,151.1,151.16,151.09,151.09,25154
01/08/2019,1513,151.09,151.12,151.03,151.09,46826
01/08/2019,1514,151.09,151.1,151.04,151.05,63722
01/08/2019,1515,151.05,151.1,150.94,150.95,114458
01/08/2019,1516,150.95,151.02,150.92,150.93,79456
01/08/2019,1517,150.94,150.99,150.88,150.91,93044
01/08/2019,1518,150.89,151.02,150.81,150.94,84066
01/08/2019,1519,150.94,151.07,150.91,151,74175
01/08/2019,1520,151,151.03,150.96,150.97,34251
01/08/2019,1521,150.96,151.03,150.89,150.92,109653
01/08/2019,1522,150.91,151,150.9,150.93,32675
01/08/2019,1523,150.93,151.05,150.93,151.05,48122
01/08/2019,1524,151.04,151.09,151.02,151.03,63618
01/08/2019,1525,151.04,151.12,151.02,151.04,58502
01/08/2019,1526,151.04,151.05,150.95,150.95,59662
01/08/2019,1527,150.95,151.1,150.94,150.97,91242
01/08/2019,1528,150.98,151.04,150.95,151.03,60888
01/08/2019,1529,151.04,151.16,151.03,151.14,78311
01/08/2019,1530,151.15,151.18,151.12,151.17,46476
01/08/2019,1531,151.17,151.24,151.17,151.2,50577
01/08/2019,1532,151.2,151.28,151.19,151.21,70941
01/08/2019,1533,151.22,151.23,151.15,151.17,48874
01/08/2019,1534,151.16,151.22,151.11,151.16,71283
01/08/2019,1535,151.15,151.17,151.09,151.12,71859
01/08/2019,1536,151.11,151.11,150.95,150.99,89404
01/08/2019,1537,151,151.02,150.91,150.91,71043
01/08/2019,1538,150.93,150.94,150.86,150.89,61664
01/08/2019,1539,150.89,150.94,150.85,150.86,53971
01/08/2019,1540,150.86,150.87,150.73,150.79,70381
01/08/2019,1541,150.8,150.82,150.6,150.64,101425
01/08/2019,1542,150.64,150.7,150.57,150.59,87632
01/08/2019,1543,150.58,150.64,150.56,150.58,81317
01/08/2019,1544,150.58,150.67,150.56,150.67,68984
01/08/2019,1545,150.66,150.75,150.57,150.62,149617
01/08/2019,1546,150.62,150.79,150.6,150.79,90265
01/08/2019,1547,150.78,150.91,150.78,150.85,124140
01/08/2019,1548,150.84,150.91,150.77,150.83,111560
01/08/2019,1549,150.83,150.88,150.72,150.73,66854
01/08/2019,1550,150.72,150.75,150.61,150.63,94918
01/08/2019,1551,150.63,150.7,150.6,150.67,64422
01/08/2019,1552,150.66,150.79,150.66,150.79,104663
01/08/2019,1553,150.8,150.81,150.74,150.8,62472
01/08/2019,1554,150.79,150.79,150.73,150.77,49817
01/08/2019,1555,150.77,150.83,150.65,150.7,219172
01/08/2019,1556,150.69,150.69,150.6,150.6,116521
01/08/2019,1557,150.6,150.65,150.56,150.62,88343
01/08/2019,1558,150.62,150.7,150.56,150.63,208176
01/08/2019,1559,150.63,150.83,150.56,150.77,604478
01/09/2019,0930,151.16,151.6,150.25,150.38,906513
01/09/2019,0931,150.39,150.65,149.89,150.03,456060
01/09/2019,0932,150,150.13,149.63,149.85,254968
01/09/2019,0933,149.83,150.28,149.82,150.17,184189
01/09/2019,0934,150.17,150.28,149.95,150.21,195878
01/09/2019,0935,150.21,150.58,150.04,150.53,239031
01/09/2019,0936,150.52,151.21,150.39,151.17,235016
01/09/2019,0937,151.19,151.36,150.88,150.9,258618
01/09/2019,0938,150.92,151.25,150.8,151.23,161693
01/09/2019,0939,151.23,151.69,151.23,151.6,291823
01/09/2019,0940,151.61,151.78,151.39,151.72,266636
01/09/2019,0941,151.73,151.76,151.41,151.46,213370
01/09/2019,0942,151.49,151.65,151.38,151.52,168475
01/09/2019,0943,151.51,151.84,151.46,151.79,177807
01/09/2019,0944,151.79,151.93,151.71,151.81,169547
01/09/2019,0945,151.82,151.97,151.8,151.95,154337
01/09/2019,0946,151.97,152.04,151.27,151.34,295388
01/09/2019,0947,151.34,151.5,151.33,151.33,99780
01/09/2019,0948,151.34,151.5,151.01,151.05,178014
01/09/2019,0949,151.01,151.22,151.01,151.11,122487
01/09/2019,0950,151.11,151.45,151.1,151.42,132526
01/09/2019,0951,151.44,151.5,151.26,151.47,103501
01/09/2019,0952,151.47,151.56,151.43,151.5,93624
01/09/2019,0953,151.5,151.7,151.49,151.69,90275
01/09/2019,0954,151.69,151.77,151.63,151.7,84214
01/09/2019,0955,151.71,151.77,151.51,151.57,90417
01/09/2019,0956,151.56,151.73,151.56,151.68,74776
01/09/2019,0957,151.68,151.7,151.47,151.5,68312
01/09/2019,0958,151.5,151.69,151.5,151.53,66330
01/09/2019,0959,151.53,151.84,151.53,151.82,94622
01/09/2019,1000,151.83,152.01,151.75,151.84,186427
01/09/2019,1001,151.81,151.87,151.63,151.65,95983
01/09/2019,1002,151.65,151.74,151.55,151.67,78507
01/09/2019,1003,151.69,151.8,151.54,151.6,104576
01/09/2019,1004,151.58,151.68,151.4,151.66,99422
01/09/2019,1005,151.66,151.7,151.51,151.7,74837
01/09/2019,1006,151.69,151.88,151.42,151.55,175474
01/09/2019,1007,151.55,151.91,151.55,151.71,214421
01/09/2019,1008,151.73,151.87,151.67,151.73,91162
01/09/2019,1009,151.74,152.27,151.69,152.27,272674
01/09/2019,1010,152.27,152.39,152.22,152.35,186882
01/09/2019,1011,152.35,152.38,151.94,151.98,195689
01/09/2019,1012,151.98,152.08,151.81,151.91,114081
01/09/2019,1013,151.93,152.05,151.81,151.99,89531
01/09/2019,1014,151.99,152.04,151.81,151.81,82826
01/09/2019,1015,151.81,152.03,151.64,151.99,177852
01/09/2019,1016,151.99,152.17,151.94,152,147611
01/09/2019,1017,152.02,152.17,151.92,151.96,95467
01/09/2019,1018,151.92,152.09,151.9,152.07,101338
01/09/2019,1019,152.05,152.31,152.01,152.31,168429
01/09/2019,1020,152.31,152.42,152.17,152.17,135821
01/09/2019,1021,152.17,152.38,152.12,152.31,87928
01/09/2019,1022,152.33,152.39,152.21,152.24,101875
01/09/2019,1023,152.22,152.41,152.21,152.32,76823
01/09/2019,1024,152.32,152.55,152.23,152.45,167464
01/09/2019,1025,152.45,152.59,152.45,152.5,133247
01/09/2019,1026,152.51,152.66,152.47,152.64,192980
01/09/2019,1027,152.65,152.81,152.55,152.59,183357
01/09/2019,1028,152.6,152.61,152.35,152.4,172968
01/09/2019,1029,152.39,152.68,152.38,152.67,126357
01/09/2019,1030,152.65,152.66,152.26,152.33,125921
01/09/2019,1031,152.35,152.52,152.29,152.31,136806
01/09/2019,1032,152.32,152.47,152.15,152.15,103282
01/09/2019,1033,152.17,152.25,152.11,152.22,92316
01/09/2019,1034,152.22,152.27,152.01,152.05,95418
01/09/2019,1035,152.04,152.18,151.97,152.18,154634
01/09/2019,1036,152.18,152.34,152.11,152.23,128312
01/09/2019,1037,152.24,152.47,152.17,152.47,67504
01/09/2019,1038,152.48,152.62,152.46,152.56,103804
01/09/2019,1039,152.58,152.72,152.52,152.71,97430
01/09/2019,1040,152.71,152.72,152.61,152.61,67960
01/09/2019,1041,152.61,152.69,152.58,152.66,69177
01/09/2019,1042,152.66,152.69,152.49,152.65,147778
01/09/2019,1043,152.65,152.65,152.27,152.31,119450
01/09/2019,1044,152.31,152.44,152.14,152.27,120374
01/09/2019,1045,152.27,152.38,152.15,152.27,96088
01/09/2019,1046,152.28,152.36,152.09,152.34,82601
01/09/2019,1047,152.34,152.54,152.32,152.54,102594
01/09/2019,1048,152.55,152.6,152.41,152.55,78152
01/09/2019,1049,152.55,152.6,152.47,152.58,51045
01/09/2019,1050,152.58,152.62,152.5,152.51,53091
01/09/2019,1051,152.5,152.57,152.42,152.5,59412
01/09/2019,1052,152.5,152.52,152.24,152.32,61556
01/09/2019,1053,152.32,152.57,152.31,152.54,131327
01/09/2019,1054,152.52,152.54,152.3,152.3,53616
01/09/2019,1055,152.31,152.37,152.24,152.26,63966
01/09/2019,1056,152.27,152.57,152.27,152.5,73048
01/09/2019,1057,152.5,152.52,152.27,152.38,82019
01/09/2019,1058,152.38,152.55,152.35,152.42,92534
01/09/2019,1059,152.42,152.53,152.3,152.5,84026
01/09/2019,1100,152.49,152.52,152.33,152.35,52363
01/09/2019,1101,152.36,152.74,152.36,152.74,144729
01/09/2019,1102,152.73,153.02,152.7,152.93,290492
01/09/2019,1103,152.94,153.18,152.91,153.08,161192
01/09/2019,1104,153.1,153.3,152.8,152.83,352890
01/09/2019,1105,152.85,153.13,152.81,152.99,288794
01/09/2019,1106,152.99,153.04,152.88,153.04,113137
01/09/2019,1107,153.04,153.18,152.99,153.02,176033
01/09/2019,1108,153.03,153.12,152.99,152.99,131245
01/09/2019,1109,153.01,153.14,152.84,152.91,198757
01/09/2019,1110,152.91,152.91,152.58,152.62,154958
01/09/2019,1111,152.6,152.76,152.52,152.72,114023
01/09/2019,1112,152.72,152.91,152.7,152.85,95600
01/09/2019,1113,152.85,153.12,152.77,153.1,145526
01/09/2019,1114,153.1,153.1,152.82,152.86,109806
01/09/2019,1115,152.86,152.88,152.46,152.66,170945
01/09/2019,1116,152.66,152.66,152.37,152.42,153976
01/09/2019,1117,152.42,152.71,152.4,152.6,146325
01/09/2019,1118,152.61,152.79,152.47,152.75,183151
01/09/2019,1119,152.75,152.8,152.65,152.79,60948
01/09/2019,1120,152.78,152.79,152.67,152.73,49509
01/09/2019,1121,152.72,152.87,152.71,152.81,68729
01/09/2019,1122,152.83,153.04,152.83,152.9,123548
01/09/2019,1123,152.89,153.05,152.81,153.02,131636
01/09/2019,1124,153.03,153.22,152.91,152.92,200943
01/09/2019,1125,152.9,152.99,152.9,152.93,55077
01/09/2019,1126,152.96,153,152.9,152.97,54215
01/09/2019,1127,152.95,153,152.88,152.88,65670
01/09/2019,1128,152.9,152.95,152.83,152.88,88913
01/09/2019,1129,152.89,152.9,152.82,152.83,56634
01/09/2019,1130,152.84,152.97,152.83,152.95,87884
01/09/2019,1131,152.95,153.06,152.91,153.02,102293
01/09/2019,1132,153.02,153.13,153,153.11,110912
01/09/2019,1133,153.11,153.14,152.96,153.01,93394
01/09/2019,1134,153.01,153.14,152.9,153.14,124040
01/09/2019,1135,153.12,153.24,153.07,153.07,148576
01/09/2019,1136,153.08,153.18,153.05,153.17,58159
01/09/2019,1137,153.17,153.18,153,153.01,95648
01/09/2019,1138,153.01,153.01,152.81,152.82,76988
01/09/2019,1139,152.81,152.89,152.79,152.89,55325
01/09/2019,1140,152.89,153.13,152.88,153.06,117266
01/09/2019,1141,153.06,153.13,152.99,153.07,98339
01/09/2019,1142,153.07,153.11,153,153.01,70561
01/09/2019,1143,153.03,153.12,153,153.05,62271
01/09/2019,1144,153.05,153.07,153,153.03,102408
01/09/2019,1145,153.04,153.29,153.01,153.24,112579
01/09/2019,1146,153.25,153.26,153.11,153.22,90134
01/09/2019,1147,153.21,153.38,153.21,153.36,149523
01/09/2019,1148,153.36,153.49,153.35,153.44,162833
01/09/2019,1149,153.44,153.57,153.38,153.55,127621
01/09/2019,1150,153.53,153.65,153.53,153.57,126812
01/09/2019,1151,153.56,153.59,153.33,153.44,204777
01/09/2019,1152,153.44,153.77,153.4,153.77,138674
01/09/2019,1153,153.77,154.04,153.73,153.97,215494
01/09/2019,1154,153.97,153.99,153.82,153.89,118258
01/09/2019,1155,153.91,153.99,153.83,153.93,82546
01/09/2019,1156,153.94,153.95,153.71,153.72,90031
01/09/2019,1157,153.71,153.87,153.71,153.86,89404
01/09/2019,1158,153.84,153.89,153.74,153.87,79693
01/09/2019,1159,153.89,153.9,153.77,153.81,89607
01/09/2019,1200,153.81,154.01,153.81,153.98,76659
01/09/2019,1201,153.98,154.04,153.9,154,82397
01/09/2019,1202,154.01,154.16,153.92,154.14,86080
01/09/2019,1203,154.13,154.15,154.02,154.12,119722
01/09/2019,1204,154.13,154.16,153.98,154.1,91978
01/09/2019,1205,154.08,154.11,153.87,153.96,114030
01/09/2019,1206,153.96,153.98,153.72,153.73,116138
01/09/2019,1207,153.75,153.93,153.75,153.89,62612
01/09/2019,1208,153.88,153.9,153.75,153.88,41073
01/09/2019,1209,153.88,154,153.83,153.98,45295
01/09/2019,1210,153.99,154.11,153.98,154.04,102756
01/09/2019,1211,154.04,154.05,153.88,153.92,57404
01/09/2019,1212,153.93,154,153.91,153.97,43169
01/09/2019,1213,153.98,154.05,153.95,154.01,57875
01/09/2019,1214,154.01,154.02,153.77,153.82,101015
01/09/2019,1215,153.82,153.95,153.8,153.89,75987
01/09/2019,1216,153.88,153.88,153.67,153.77,80732
01/09/2019,1217,153.78,153.84,153.71,153.82,61925
01/09/2019,1218,153.82,153.87,153.74,153.81,76576
01/09/2019,1219,153.8,153.9,153.8,153.9,54143
01/09/2019,1220,153.89,153.9,153.75,153.84,56789
01/09/2019,1221,153.82,154.04,153.82,153.94,93332
01/09/2019,1222,153.94,154.01,153.91,153.94,61300
01/09/2019,1223,153.94,154.05,153.93,154.03,73199
01/09/2019,1224,154.05,154.07,153.92,154.02,67295
01/09/2019,1225,154,154.26,153.98,154.19,142552
01/09/2019,1226,154.19,154.21,154.09,154.2,70562
01/09/2019,1227,154.21,154.28,154.18,154.19,97166
01/09/2019,1228,154.19,154.24,154.03,154.05,71668
01/09/2019,1229,154.05,154.05,153.9,154,86566
01/09/2019,1230,154,154.1,153.99,154.08,79287
01/09/2019,1231,154.08,154.16,154.05,154.13,63188
01/09/2019,1232,154.13,154.15,154.02,154.04,61305
01/09/2019,1233,154.03,154.14,153.99,154.12,78066
01/09/2019,1234,154.13,154.24,154.12,154.19,86981
01/09/2019,1235,154.19,154.28,154.18,154.25,103521
01/09/2019,1236,154.26,154.37,154.16,154.18,110480
01/09/2019,1237,154.17,154.18,153.92,153.97,133727
01/09/2019,1238,153.96,154,153.93,153.93,67592
01/09/2019,1239,153.93,154,153.91,153.93,58052
01/09/2019,1240,153.92,153.94,153.84,153.84,66128
01/09/2019,1241,153.85,153.95,153.85,153.89,74061
01/09/2019,1242,153.88,154,153.86,153.96,51392
01/09/2019,1243,153.94,154,153.88,153.9,64799
01/09/2019,1244,153.9,153.94,153.8,153.94,118683
01/09/2019,1245,153.97,154,153.84,153.97,56190
01/09/2019,1246,153.97,154.13,153.95,154.07,90345
01/09/2019,1247,154.05,154.08,153.98,154.08,28479
01/09/2019,1248,154.05,154.19,153.99,154.02,104252
01/09/2019,1249,154.01,154.2,153.91,154.01,127280
01/09/2019,1250,154.01,154.12,154.01,154.09,59447
01/09/2019,1251,154.08,154.12,153.96,154,84783
01/09/2019,1252,154,154,153.8,153.82,95621
01/09/2019,1253,153.81,153.89,153.8,153.83,52812
01/09/2019,1254,153.83,153.89,153.81,153.88,36292
01/09/2019,1255,153.88,153.89,153.8,153.82,54440
01/09/2019,1256,153.82,153.87,153.69,153.79,80122
01/09/2019,1257,153.79,153.89,153.76,153.85,46216
01/09/2019,1258,153.86,153.93,153.78,153.83,46021
01/09/2019,1259,153.84,153.92,153.8,153.85,38389
01/09/2019,1300,153.85,153.91,153.81,153.89,51964
01/09/2019,1301,153.89,153.92,153.77,153.77,31941
01/09/2019,1302,153.77,153.81,153.71,153.76,70691
01/09/2019,1303,153.76,153.76,153.71,153.73,41801
01/09/2019,1304,153.73,153.86,153.72,153.85,56387
01/09/2019,1305,153.84,153.86,153.73,153.81,66951
01/09/2019,1306,153.82,153.82,153.68,153.76,65465
01/09/2019,1307,153.75,153.76,153.59,153.68,87849
01/09/2019,1308,153.68,153.69,153.54,153.59,78326
01/09/2019,1309,153.59,153.75,153.58,153.72,62841
01/09/2019,1310,153.72,153.74,153.58,153.59,46194
01/09/2019,1311,153.59,153.74,153.59,153.69,34420
01/09/2019,1312,153.7,153.74,153.67,153.71,22807
01/09/2019,1313,153.71,153.75,153.62,153.7,46885
01/09/2019,1314,153.69,153.7,153.6,153.68,46510
01/09/2019,1315,153.69,153.81,153.68,153.76,68278
01/09/2019,1316,153.76,153.84,153.67,153.69,64977
01/09/2019,1317,153.7,153.88,153.69,153.86,44792
01/09/2019,1318,153.86,154.01,153.85,153.89,119650
01/09/2019,1319,153.89,153.96,153.85,153.87,39208
01/09/2019,1320,153.86,153.98,153.84,153.97,24963
01/09/2019,1321,153.98,154.03,153.92,154.02,79229
01/09/2019,1322,154.01,154.02,153.89,153.93,50697
01/09/2019,1323,153.94,153.95,153.83,153.83,37416
01/09/2019,1324,153.85,153.89,153.83,153.89,18878
01/09/2019,1325,153.9,153.97,153.87,153.9,34768
01/09/2019,1326,153.91,153.97,153.86,153.94,22295
01/09/2019,1327,153.92,153.92,153.87,153.92,26957
01/09/2019,1328,153.92,153.95,153.7,153.8,77929
01/09/2019,1329,153.8,153.81,153.72,153.79,63791
01/09/2019,1330,153.79,153.87,153.77,153.79,47401
01/09/2019,1331,153.79,153.83,153.72,153.72,28415
01/09/2019,1332,153.72,153.83,153.72,153.75,31272
01/09/2019,1333,153.74,153.76,153.65,153.69,53471
01/09/2019,1334,153.68,153.78,153.68,153.75,23579
01/09/2019,1335,153.76,153.87,153.76,153.87,38344
01/09/2019,1336,153.88,154.02,153.88,154,81945
01/09/2019,1337,154,154.18,153.99,154.11,81781
01/09/2019,1338,154.11,154.14,153.99,154.04,49970
01/09/2019,1339,154.05,154.08,153.98,154,45423
01/09/2019,1340,154,154.04,153.96,154.03,35098
01/09/2019,1341,154.02,154.12,154.01,154.05,36303
01/09/2019,1342,154.05,154.19,154.03,154.17,49772
01/09/2019,1343,154.17,154.17,154.06,154.15,47499
01/09/2019,1344,154.12,154.21,154.11,154.17,49343
01/09/2019,1345,154.17,154.2,154.14,154.19,28501
01/09/2019,1346,154.19,154.21,154.03,154.1,45570
01/09/2019,1347,154.11,154.15,154.09,154.1,24481
01/09/2019,1348,154.11,154.11,153.92,153.95,46351
01/09/2019,1349,153.96,153.96,153.85,153.89,66020
01/09/2019,1350,153.88,153.9,153.73,153.73,92811
01/09/2019,1351,153.74,153.82,153.71,153.77,98659
01/09/2019,1352,153.78,153.8,153.75,153.77,45899
01/09/2019,1353,153.77,153.77,153.57,153.58,84240
01/09/2019,1354,153.59,153.61,153.53,153.55,53035
01/09/2019,1355,153.56,153.76,153.56,153.73,57480
01/09/2019,1356,153.72,153.79,153.71,153.77,36511
01/09/2019,1357,153.77,153.85,153.7,153.76,67566
01/09/2019,1358,153.76,153.95,153.76,153.93,44241
01/09/2019,1359,153.93,153.97,153.82,153.91,56920
01/09/2019,1400,153.9,154.23,153.89,154.19,131375
01/09/2019,1401,154.18,154.49,154.11,154.43,133737
01/09/2019,1402,154.41,154.44,153.97,154.12,166522
01/09/2019,1403,154.11,154.22,153.94,154.02,110679
01/09/2019,1404,153.99,154.19,153.96,154.15,65692
01/09/2019,1405,154.14,154.29,154.12,154.25,65264
01/09/2019,1406,154.21,154.27,154.17,154.26,36337
01/09/2019,1407,154.27,154.33,154.22,154.33,51719
01/09/2019,1408,154.32,154.37,154.27,154.33,53903
01/09/2019,1409,154.35,154.53,154.34,154.51,87627
01/09/2019,1410,154.51,154.51,154.27,154.28,102291
01/09/2019,1411,154.28,154.28,154.14,154.26,69507
01/09/2019,1412,154.27,154.27,154.03,154.11,89219
01/09/2019,1413,154.09,154.17,154.04,154.12,37375
01/09/2019,1414,154.11,154.22,154.1,154.19,44712
01/09/2019,1415,154.17,154.23,154.08,154.13,50964
01/09/2019,1416,154.13,154.13,153.95,153.97,82710
01/09/2019,1417,153.96,153.99,153.9,153.94,32941
01/09/2019,1418,153.94,154.02,153.81,153.82,57805
01/09/2019,1419,153.8,153.8,153.46,153.49,248149
01/09/2019,1420,153.47,153.5,153.35,153.44,109808
01/09/2019,1421,153.43,153.61,153.43,153.53,94051
01/09/2019,1422,153.53,153.64,153.48,153.54,92482
01/09/2019,1423,153.55,153.55,153.27,153.3,100433
01/09/2019,1424,153.32,153.33,153.12,153.28,96169
01/09/2019,1425,153.28,153.35,153.18,153.29,88630
01/09/2019,1426,153.3,153.39,153.25,153.31,69671
01/09/2019,1427,153.31,153.38,153.14,153.32,96260
01/09/2019,1428,153.31,153.36,153.23,153.24,70916
01/09/2019,1429,153.24,153.26,153.09,153.14,63309
01/09/2019,1430,153.15,153.15,152.93,153.04,146685
01/09/2019,1431,153.05,153.18,152.99,153.18,70060
01/09/2019,1432,153.17,153.43,153.17,153.38,100156
01/09/2019,1433,153.42,153.43,153.26,153.32,55136
01/09/2019,1434,153.29,153.47,153.25,153.34,107278
01/09/2019,1435,153.34,153.45,153.33,153.37,36868
01/09/2019,1436,153.34,153.35,153.2,153.32,47322
01/09/2019,1437,153.3,153.33,153.21,153.28,35519
01/09/2019,1438,153.28,153.4,153.23,153.37,65094
01/09/2019,1439,153.36,153.5,153.33,153.43,48002
01/09/2019,1440,153.42,153.46,153.27,153.37,55192
01/09/2019,1441,153.38,153.6,153.37,153.6,53283
01/09/2019,1442,153.61,153.66,153.54,153.61,75373
01/09/2019,1443,153.61,153.66,153.6,153.63,29886
01/09/2019,1444,153.63,153.78,153.61,153.77,62949
01/09/2019,1445,153.77,153.82,153.69,153.72,56780
01/09/2019,1446,153.71,153.9,153.71,153.8,86673
01/09/2019,1447,153.79,153.83,153.73,153.79,48562
01/09/2019,1448,153.77,153.78,153.62,153.7,91812
01/09/2019,1449,153.71,153.85,153.68,153.85,49336
01/09/2019,1450,153.85,153.88,153.72,153.8,56120
01/09/2019,1451,153.8,153.83,153.69,153.69,53132
01/09/2019,1452,153.7,153.8,153.7,153.78,24310
01/09/2019,1453,153.79,153.83,153.75,153.81,36094
01/09/2019,1454,153.81,153.91,153.76,153.91,44186
01/09/2019,1455,153.9,154,153.9,153.98,65490
01/09/2019,1456,153.99,154,153.89,153.93,57105
01/09/2019,1457,153.94,153.96,153.89,153.89,22681
01/09/2019,1458,153.89,153.91,153.81,153.89,35744
01/09/2019,1459,153.89,153.9,153.75,153.77,35712
01/09/2019,1500,153.77,153.97,153.73,153.95,75235
01/09/2019,1501,153.94,154.06,153.92,154.01,75418
01/09/2019,1502,154.01,154.07,153.99,154.01,45685
01/09/2019,1503,154,154.06,153.97,154.01,31663
01/09/2019,1504,154.01,154.04,153.96,154.03,44198
01/09/2019,1505,154.03,154.08,154.01,154.04,49657
01/09/2019,1506,154.04,154.1,154.03,154.04,39194
01/09/2019,1507,154.04,154.07,153.94,153.94,56187
01/09/2019,1508,153.94,154.07,153.92,154.06,48709
01/09/2019,1509,154.07,154.18,154.04,154.15,61825
01/09/2019,1510,154.14,154.23,154.12,154.17,46700
01/09/2019,1511,154.17,154.23,154.15,154.23,53956
01/09/2019,1512,154.2,154.33,154.19,154.25,50311
01/09/2019,1513,154.23,154.26,154.09,154.15,61451
01/09/2019,1514,154.16,154.21,154.04,154.04,48702
01/09/2019,1515,154.04,154.24,154.01,154.22,46041
01/09/2019,1516,154.23,154.25,154.18,154.24,43311
01/09/2019,1517,154.23,154.31,154.19,154.28,64539
01/09/2019,1518,154.29,154.33,154.23,154.24,43371
01/09/2019,1519,154.24,154.27,154.18,154.25,43288
01/09/2019,1520,154.26,154.41,154.25,154.34,73517
01/09/2019,1521,154.34,154.42,154.31,154.38,95755
01/09/2019,1522,154.37,154.48,154.37,154.48,89059
01/09/2019,1523,154.47,154.5,154.29,154.33,101517
01/09/2019,1524,154.33,154.38,154.27,154.3,42472
01/09/2019,1525,154.3,154.31,154.22,154.26,52648
01/09/2019,1526,154.25,154.29,154.22,154.25,42510
01/09/2019,1527,154.25,154.29,154.21,154.25,48882
01/09/2019,1528,154.25,154.3,154.04,154.08,113600
01/09/2019,1529,154.08,154.17,154.08,154.13,56921
01/09/2019,1530,154.15,154.15,153.87,153.93,105446
01/09/2019,1531,153.94,154.03,153.88,153.9,103658
01/09/2019,1532,153.9,154.06,153.85,153.96,89656
01/09/2019,1533,153.96,153.98,153.86,153.88,64989
01/09/2019,1534,153.88,154.01,153.86,153.93,97311
01/09/2019,1535,153.93,153.93,153.59,153.69,174409
01/09/2019,1536,153.7,153.8,153.65,153.78,100383
01/09/2019,1537,153.79,153.79,153.67,153.76,72137
01/09/2019,1538,153.76,153.8,153.69,153.75,63300
01/09/2019,1539,153.74,153.75,153.65,153.71,61215
01/09/2019,1540,153.72,153.75,153.58,153.6,95504
01/09/2019,1541,153.59,153.61,153.5,153.53,91730
01/09/2019,1542,153.54,153.59,153.49,153.55,98922
01/09/2019,1543,153.54,153.7,153.54,153.7,116776
01/09/2019,1544,153.7,153.71,153.62,153.7,49940
01/09/2019,1545,153.69,153.69,153.5,153.5,74246
01/09/2019,1546,153.51,153.51,153.32,153.4,106407
01/09/2019,1547,153.4,153.44,153.33,153.33,74482
01/09/2019,1548,153.33,153.39,153.11,153.27,167623
01/09/2019,1549,153.28,153.33,153.23,153.31,71367
01/09/2019,1550,153.31,153.41,153.27,153.35,67512
01/09/2019,1551,153.35,153.39,153.24,153.28,101001
01/09/2019,1552,153.28,153.35,153.22,153.22,88830
01/09/2019,1553,153.21,153.25,153.15,153.25,95404
01/09/2019,1554,153.24,153.33,153.21,153.32,71473
01/09/2019,1555,153.33,153.41,153.19,153.37,219275
01/09/2019,1556,153.36,153.43,153.3,153.4,111753
01/09/2019,1557,153.41,153.44,153.33,153.39,128149
01/09/2019,1558,153.37,153.43,153.34,153.37,153683
01/09/2019,1559,153.37,153.44,153.28,153.31,392566
01/10/2019,0930,152.5,152.58,151.9,152.41,639206
01/10/2019,0931,152.43,152.79,151.97,152.26,247558
01/10/2019,0932,152.21,152.41,152.08,152.25,114481
01/10/2019,0933,152.25,152.25,151.95,152.21,97647
01/10/2019,0934,152.19,152.35,152,152.13,127438
01/10/2019,0935,152.15,152.27,152.05,152.1,113534
01/10/2019,0936,152.11,152.33,151.98,152.29,146000
01/10/2019,0937,152.29,152.63,152.23,152.53,146780
01/10/2019,0938,152.52,152.7,152.32,152.32,112704
01/10/2019,0939,152.34,152.54,152.3,152.45,78417
01/10/2019,0940,152.45,152.67,152.27,152.66,96236
01/10/2019,0941,152.63,152.63,152.38,152.44,114371
01/10/2019,0942,152.44,152.49,152.05,152.09,118749
01/10/2019,0943,152.08,152.2,152,152.05,121491
01/10/2019,0944,152.04,152.2,151.79,152.06,261355
01/10/2019,0945,152.06,152.1,151.98,152.01,133609
01/10/2019,0946,152.02,152.03,151.61,151.69,214772
01/10/2019,0947,151.68,151.75,151.55,151.64,167328
01/10/2019,0948,151.6,151.6,151.27,151.28,171892
01/10/2019,0949,151.28,151.39,151.22,151.28,115553
01/10/2019,0950,151.27,151.3,151.11,151.28,140495
01/10/2019,0951,151.27,151.3,151.06,151.09,141628
01/10/2019,0952,151.09,151.13,150.86,151.05,229707
01/10/2019,0953,151.04,151.12,151,151.08,80459
01/10/2019,0954,151.08,151.17,150.97,151.17,102704
01/10/2019,0955,151.17,151.26,151.06,151.14,197233
01/10/2019,0956,151.14,151.32,151.13,151.19,118946
01/10/2019,0957,151.2,151.3,151.13,151.24,110884
01/10/2019,0958,151.24,151.29,151.2,151.28,61525
01/10/2019,0959,151.28,151.39,151.22,151.32,74717
01/10/2019,1000,151.33,151.48,151.23,151.4,115706
01/10/2019,1001,151.4,151.56,151.39,151.54,104331
01/10/2019,1002,151.55,151.56,151.44,151.48,95836
01/10/2019,1003,151.48,151.48,151.1,151.13,145319
01/10/2019,1004,151.15,151.33,151.14,151.22,94153
01/10/2019,1005,151.21,151.33,151.15,151.33,64495
01/10/2019,1006,151.33,151.41,151.26,151.35,66130
01/10/2019,1007,151.34,151.39,151.27,151.32,93571
01/10/2019,1008,151.32,151.52,151.27,151.47,105068
01/10/2019,1009,151.47,151.6,151.45,151.55,72886
01/10/2019,1010,151.55,151.82,151.55,151.76,93215
01/10/2019,1011,151.79,151.87,151.7,151.86,78591
01/10/2019,1012,151.86,152.02,151.86,151.95,140415
01/10/2019,1013,151.94,152.05,151.86,151.89,108108
01/10/2019,1014,151.9,152.03,151.83,151.93,96305
01/10/2019,1015,151.93,152.01,151.87,151.98,73311
01/10/2019,1016,151.98,152.03,151.75,151.87,142232
01/10/2019,1017,151.86,152.06,151.85,152.05,127691
01/10/2019,1018,152.05,152.08,152,152.05,55323
01/10/2019,1019,152.06,152.07,151.86,151.96,67610
01/10/2019,1020,151.96,152.09,151.93,152.04,69311
01/10/2019,1021,152.05,152.17,152.01,152.16,49886
01/10/2019,1022,152.16,152.31,152.15,152.25,115574
01/10/2019,1023,152.25,152.36,152.23,152.25,68140
01/10/2019,1024,152.24,152.32,152.2,152.31,49816
01/10/2019,1025,152.31,152.43,152.3,152.34,56054
01/10/2019,1026,152.34,152.41,152.29,152.31,65449
01/10/2019,1027,152.31,152.37,152.19,152.22,61218
01/10/2019,1028,152.23,152.23,152.02,152.03,79277
01/10/2019,1029,152.04,152.23,152.02,152.06,141018
01/10/2019,1030,152.06,152.16,152.05,152.07,61272
01/10/2019,1031,152.08,152.09,151.87,151.88,114978
01/10/2019,1032,151.87,152,151.87,151.94,42063
01/10/2019,1033,151.95,152,151.84,151.94,63752
01/10/2019,1034,151.95,152.02,151.77,151.78,76693
01/10/2019,1035,151.78,151.81,151.63,151.7,89102
01/10/2019,1036,151.7,151.76,151.67,151.73,52900
01/10/2019,1037,151.73,151.8,151.7,151.79,48181
01/10/2019,1038,151.81,151.93,151.75,151.93,60055
01/10/2019,1039,151.93,152.18,151.92,152.15,85568
01/10/2019,1040,152.17,152.2,152,152.08,83093
01/10/2019,1041,152.09,152.22,152.07,152.14,50159
01/10/2019,1042,152.12,152.21,152.08,152.14,36873
01/10/2019,1043,152.14,152.22,152.07,152.16,39912
01/10/2019,1044,152.17,152.25,151.96,151.98,136614
01/10/2019,1045,151.98,152.07,151.96,152.04,60113
01/10/2019,1046,152.04,152.15,151.97,151.99,59285
01/10/2019,1047,151.99,152.07,151.89,152.04,84643
01/10/2019,1048,152.05,152.1,151.97,152.1,51899
01/10/2019,1049,152.11,152.36,152.09,152.33,148006
01/10/2019,1050,152.35,152.47,152.29,152.43,82356
01/10/2019,1051,152.43,152.5,152.38,152.47,49733
01/10/2019,1052,152.49,152.54,152.45,152.53,57790
01/10/2019,1053,152.53,152.53,152.44,152.46,39893
01/10/2019,1054,152.46,152.57,152.45,152.55,58188
01/10/2019,1055,152.54,152.56,152.44,152.52,57981
01/10/2019,1056,152.5,152.59,152.47,152.55,37676
01/10/2019,1057,152.57,152.66,152.51,152.62,46604
01/10/2019,1058,152.62,152.7,152.56,152.64,63106
01/10/2019,1059,152.63,152.63,152.49,152.52,49354
01/10/2019,1100,152.54,152.54,152.35,152.35,71734
01/10/2019,1101,152.36,152.39,152.22,152.27,57201
01/10/2019,1102,152.28,152.34,152.21,152.31,78371
01/10/2019,1103,152.31,152.34,152.24,152.31,59695
01/10/2019,1104,152.31,152.4,152.24,152.39,81566
01/10/2019,1105,152.39,152.58,152.39,152.5,87173
01/10/2019,1106,152.52,152.62,152.51,152.52,147891
01/10/2019,1107,152.51,152.54,152.42,152.51,70011
01/10/2019,1108,152.52,152.53,152.42,152.49,40056
01/10/2019,1109,152.48,152.53,152.34,152.36,56002
01/10/2019,1110,152.36,152.36,152.25,152.33,38447
01/10/2019,1111,152.33,152.36,152.29,152.31,25923
01/10/2019,1112,152.31,152.35,152.26,152.3,42521
01/10/2019,1113,152.32,152.36,152.17,152.36,79632
01/10/2019,1114,152.36,152.42,152.27,152.27,47825
01/10/2019,1115,152.25,152.32,152.21,152.32,65332
01/10/2019,1116,152.32,152.39,152.26,152.32,46110
01/10/2019,1117,152.31,152.31,152.11,152.12,75527
01/10/2019,1118,152.12,152.18,151.98,152.01,102588
01/10/2019,1119,152.03,152.18,151.99,152.11,105823
01/10/2019,1120,152.14,152.16,152,152.09,91133
01/10/2019,1121,152.09,152.23,152.06,152.23,54852
01/10/2019,1122,152.23,152.36,152.23,152.34,52627
01/10/2019,1123,152.34,152.38,152.23,152.23,27200
01/10/2019,1124,152.25,152.25,152.04,152.1,56276
01/10/2019,1125,152.11,152.17,152.07,152.16,63503
01/10/2019,1126,152.16,152.27,152.15,152.2,43292
01/10/2019,1127,152.2,152.32,152.2,152.29,45398
01/10/2019,1128,152.29,152.29,152.16,152.26,44122
01/10/2019,1129,152.27,152.3,152.17,152.18,35143
01/10/2019,1130,152.19,152.29,152.19,152.27,22287
01/10/2019,1131,152.27,152.35,152.26,152.34,39693
01/10/2019,1132,152.35,152.44,152.33,152.43,44740
01/10/2019,1133,152.43,152.45,152.35,152.43,66140
01/10/2019,1134,152.42,152.57,152.41,152.52,90270
01/10/2019,1135,152.52,152.68,152.52,152.61,92405
01/10/2019,1136,152.6,152.72,152.6,152.69,62935
01/10/2019,1137,152.69,152.69,152.59,152.68,30970
01/10/2019,1138,152.69,152.78,152.66,152.75,52597
01/10/2019,1139,152.75,152.83,152.7,152.7,37031
01/10/2019,1140,152.7,152.77,152.62,152.64,51670
01/10/2019,1141,152.64,152.64,152.45,152.52,66448
01/10/2019,1142,152.52,152.57,152.42,152.54,51006
01/10/2019,1143,152.54,152.67,152.51,152.67,31875
01/10/2019,1144,152.67,152.67,152.54,152.58,21413
01/10/2019,1145,152.61,152.65,152.58,152.61,35258
01/10/2019,1146,152.61,152.62,152.46,152.47,37981
01/10/2019,1147,152.47,152.62,152.44,152.59,46229
01/10/2019,1148,152.59,152.61,152.49,152.5,19706
01/10/2019,1149,152.5,152.55,152.5,152.53,15302
01/10/2019,1150,152.52,152.56,152.46,152.53,32007
01/10/2019,1151,152.54,152.65,152.54,152.63,47259
01/10/2019,1152,152.62,152.68,152.59,152.6,35911
01/10/2019,1153,152.62,152.67,152.56,152.6,39847
01/10/2019,1154,152.61,152.67,152.57,152.67,34023
01/10/2019,1155,152.67,152.77,152.66,152.7,66873
01/10/2019,1156,152.68,152.76,152.59,152.75,50906
01/10/2019,1157,152.74,152.89,152.73,152.86,38897
01/10/2019,1158,152.88,152.93,152.81,152.93,49238
01/10/2019,1159,152.93,153.06,152.87,153,100365
01/10/2019,1200,152.99,153,152.89,152.98,43095
01/10/2019,1201,152.98,153.14,152.9,152.91,105992
01/10/2019,1202,152.93,152.94,152.74,152.77,66646
01/10/2019,1203,152.75,152.83,152.73,152.77,50914
01/10/2019,1204,152.77,152.79,152.67,152.79,47822
01/10/2019,1205,152.79,152.79,152.69,152.74,39117
01/10/2019,1206,152.75,152.81,152.75,152.78,27382
01/10/2019,1207,152.8,152.89,152.8,152.88,32512
01/10/2019,1208,152.88,152.93,152.81,152.89,49266
01/10/2019,1209,152.88,152.91,152.79,152.79,32258
01/10/2019,1210,152.79,152.89,152.75,152.84,32601
01/10/2019,1211,152.84,152.9,152.81,152.9,25555
01/10/2019,1212,152.9,152.96,152.88,152.9,40459
01/10/2019,1213,152.89,152.92,152.81,152.89,40720
01/10/2019,1214,152.89,152.89,152.72,152.83,40514
01/10/2019,1215,152.83,153,152.83,152.98,46532
01/10/2019,1216,152.98,153.01,152.93,153.01,41939
01/10/2019,1217,153.01,153.08,152.97,152.98,45286
01/10/2019,1218,152.97,153.03,152.96,153,21232
01/10/2019,1219,153.01,153.03,152.96,152.96,14208
01/10/2019,1220,152.95,153.03,152.89,152.99,29955
01/10/2019,1221,153.03,153.09,153,153.09,29023
01/10/2019,1222,153.08,153.17,153.08,153.17,45037
01/10/2019,1223,153.17,153.22,153.1,153.13,63155
01/10/2019,1224,153.14,153.19,153.12,153.17,30234
01/10/2019,1225,153.17,153.17,153.06,153.13,24127
01/10/2019,1226,153.12,153.13,152.98,153.01,40887
01/10/2019,1227,153.02,153.15,153.02,153.1,34302
01/10/2019,1228,153.11,153.19,153.11,153.14,38790
01/10/2019,1229,153.14,153.25,153.09,153.09,95900
01/10/2019,1230,153.1,153.14,153,153.03,47744
01/10/2019,1231,153.03,153.09,152.99,153.07,36752
01/10/2019,1232,153.07,153.07,153.01,153.06,12939
01/10/2019,1233,153.06,153.08,153,153.06,24501
01/10/2019,1234,153.06,153.08,152.99,153.03,22244
01/10/2019,1235,153.02,153.18,152.95,153.12,72397
01/10/2019,1236,153.12,153.15,153.09,153.14,29317
01/10/2019,1237,153.15,153.21,153.12,153.13,53001
01/10/2019,1238,153.13,153.17,153.09,153.09,26055
01/10/2019,1239,153.1,153.15,153.09,153.15,20431
01/10/2019,1240,153.15,153.17,153.07,153.08,29153
01/10/2019,1241,153.09,153.12,153.02,153.1,40481
01/10/2019,1242,153.11,153.11,152.98,153.01,77731
01/10/2019,1243,153.01,153.01,152.81,152.92,73437
01/10/2019,1244,152.92,153.08,152.92,153.08,55048
01/10/2019,1245,153.07,153.12,153.03,153.06,41643
01/10/2019,1246,153.06,153.14,153.03,153.14,32603
01/10/2019,1247,153.14,153.17,153.1,153.11,35996
01/10/2019,1248,153.13,153.39,153,153.35,104523
01/10/2019,1249,153.35,153.5,153.26,153.38,110464
01/10/2019,1250,153.38,153.48,153.27,153.48,44284
01/10/2019,1251,153.49,153.63,153.43,153.47,138918
01/10/2019,1252,153.48,153.6,153.45,153.58,39627
01/10/2019,1253,153.57,153.65,153.49,153.57,62328
01/10/2019,1254,153.6,153.63,153.52,153.52,28823
01/10/2019,1255,153.53,153.56,153.39,153.41,48364
01/10/2019,1256,153.46,153.54,153.42,153.5,52271
01/10/2019,1257,153.5,153.6,153.47,153.53,38500
01/10/2019,1258,153.52,153.56,153.44,153.55,43943
01/10/2019,1259,153.56,153.58,153.43,153.44,25443
01/10/2019,1300,153.44,153.45,153.3,153.3,55379
01/10/2019,1301,153.3,153.44,153.3,153.36,46926
01/10/2019,1302,153.35,153.37,153.21,153.22,52323
01/10/2019,1303,153.22,153.25,153.01,153.15,69612
01/10/2019,1304,153.18,153.18,153.04,153.06,36007
01/10/2019,1305,153.08,153.13,153.05,153.06,26949
01/10/2019,1306,153.06,153.08,152.9,152.93,56108
01/10/2019,1307,152.93,152.93,152.6,152.7,136549
01/10/2019,1308,152.66,152.82,152.66,152.68,36277
01/10/2019,1309,152.68,152.68,152.4,152.48,108823
01/10/2019,1310,152.49,152.64,152.41,152.57,64720
01/10/2019,1311,152.56,152.59,152.51,152.59,19895
01/10/2019,1312,152.58,152.62,152.48,152.57,36469
01/10/2019,1313,152.57,152.63,152.52,152.56,20239
01/10/2019,1314,152.55,152.68,152.51,152.56,70044
01/10/2019,1315,152.55,152.58,152.31,152.47,113915
01/10/2019,1316,152.47,152.59,152.45,152.55,39311
01/10/2019,1317,152.55,152.58,152.48,152.58,40647
01/10/2019,1318,152.59,152.65,152.53,152.59,51081
01/10/2019,1319,152.58,152.63,152.5,152.61,57788
01/10/2019,1320,152.61,152.61,152.42,152.49,48226
01/10/2019,1321,152.52,152.68,152.51,152.66,60019
01/10/2019,1322,152.66,152.77,152.65,152.66,91634
01/10/2019,1323,152.67,152.76,152.66,152.75,63355
01/10/2019,1324,152.75,152.75,152.62,152.64,30881
01/10/2019,1325,152.64,152.73,152.62,152.69,34851
01/10/2019,1326,152.69,152.86,152.65,152.82,30543
01/10/2019,1327,152.83,152.87,152.76,152.77,28692
01/10/2019,1328,152.78,152.8,152.68,152.78,31785
01/10/2019,1329,152.78,152.84,152.75,152.82,25713
01/10/2019,1330,152.8,152.95,152.8,152.84,49273
01/10/2019,1331,152.84,152.88,152.71,152.73,52033
01/10/2019,1332,152.73,152.75,152.62,152.72,59641
01/10/2019,1333,152.72,152.83,152.72,152.77,28287
01/10/2019,1334,152.78,152.94,152.78,152.88,35744
01/10/2019,1335,152.85,152.88,152.77,152.77,30959
01/10/2019,1336,152.76,152.8,152.65,152.73,36850
01/10/2019,1337,152.74,152.75,152.68,152.74,35950
01/10/2019,1338,152.74,152.75,152.58,152.66,63472
01/10/2019,1339,152.65,152.7,152.57,152.69,72287
01/10/2019,1340,152.7,152.7,152.59,152.65,46498
01/10/2019,1341,152.64,152.66,152.54,152.59,124497
01/10/2019,1342,152.59,152.61,152.46,152.53,39270
01/10/2019,1343,152.53,152.61,152.52,152.55,42079
01/10/2019,1344,152.56,152.56,152.49,152.52,30187
01/10/2019,1345,152.51,152.51,152.39,152.51,34939
01/10/2019,1346,152.51,152.53,152.35,152.38,54400
01/10/2019,1347,152.38,152.55,152.38,152.54,39810
01/10/2019,1348,152.55,152.6,152.51,152.56,41882
01/10/2019,1349,152.56,152.56,152.49,152.56,19903
01/10/2019,1350,152.56,152.63,152.56,152.6,33187
01/10/2019,1351,152.61,152.74,152.61,152.67,27656
01/10/2019,1352,152.67,152.68,152.52,152.6,23031
01/10/2019,1353,152.62,152.64,152.48,152.51,37007
01/10/2019,1354,152.52,152.59,152.43,152.53,43741
01/10/2019,1355,152.53,152.6,152.51,152.53,24420
01/10/2019,1356,152.54,152.68,152.54,152.66,28124
01/10/2019,1357,152.66,152.76,152.64,152.74,26866
01/10/2019,1358,152.75,152.78,152.69,152.74,44613
01/10/2019,1359,152.74,152.77,152.66,152.75,17889
01/10/2019,1400,152.75,152.99,152.74,152.93,65794
01/10/2019,1401,152.94,152.94,152.85,152.85,29351
01/10/2019,1402,152.86,152.92,152.85,152.89,30838
01/10/2019,1403,152.9,152.93,152.84,152.91,25109
01/10/2019,1404,152.91,152.99,152.91,152.98,33072
01/10/2019,1405,152.99,153.13,152.99,153.11,69959
01/10/2019,1406,153.11,153.14,153.06,153.11,48835
01/10/2019,1407,153.11,153.27,153.11,153.16,91866
01/10/2019,1408,153.16,153.3,153.14,153.28,53833
01/10/2019,1409,153.24,153.3,153.2,153.27,28420
01/10/2019,1410,153.27,153.34,153.19,153.2,50096
01/10/2019,1411,153.21,153.32,153.21,153.29,30166
01/10/2019,1412,153.3,153.42,153.27,153.4,51867
01/10/2019,1413,153.41,153.46,153.36,153.4,44032
01/10/2019,1414,153.4,153.4,153.23,153.33,84934
01/10/2019,1415,153.33,153.44,153.32,153.38,38089
01/10/2019,1416,153.4,153.41,153.31,153.36,47228
01/10/2019,1417,153.34,153.38,153.32,153.37,27216
01/10/2019,1418,153.36,153.42,153.33,153.34,28660
01/10/2019,1419,153.36,153.46,153.36,153.43,34323
01/10/2019,1420,153.45,153.49,153.34,153.35,40236
01/10/2019,1421,153.37,153.41,153.34,153.41,38438
01/10/2019,1422,153.42,153.55,153.41,153.53,88659
01/10/2019,1423,153.54,153.54,153.38,153.39,52804
01/10/2019,1424,153.39,153.4,153.24,153.31,57116
01/10/2019,1425,153.33,153.34,153.19,153.22,65186
01/10/2019,1426,153.22,153.22,153.13,153.14,50608
01/10/2019,1427,153.15,153.21,153.14,153.19,43849
01/10/2019,1428,153.2,153.28,153.19,153.24,55848
01/10/2019,1429,153.25,153.27,153.06,153.07,59152
01/10/2019,1430,153.08,153.1,152.94,152.99,85996
01/10/2019,1431,152.99,153.07,152.97,152.98,57213
01/10/2019,1432,152.96,152.99,152.93,152.97,24010
01/10/2019,1433,152.98,153.03,152.95,152.95,58873
01/10/2019,1434,152.93,153.05,152.91,152.93,34935
01/10/2019,1435,152.95,153.03,152.88,152.91,53328
01/10/2019,1436,152.91,152.98,152.84,152.87,58830
01/10/2019,1437,152.89,152.99,152.89,152.92,37856
01/10/2019,1438,152.91,152.93,152.77,152.83,40618
01/10/2019,1439,152.81,152.91,152.76,152.9,51628
01/10/2019,1440,152.9,153.02,152.89,153.02,42460
01/10/2019,1441,153.03,153.11,153.01,153.03,48899
01/10/2019,1442,153.02,153.25,152.98,153.25,85458
01/10/2019,1443,153.22,153.28,153.11,153.14,67690
01/10/2019,1444,153.16,153.23,153.16,153.17,21151
01/10/2019,1445,153.17,153.21,153.01,153.04,36051
01/10/2019,1446,153.03,153.14,153.03,153.09,35847
01/10/2019,1447,153.09,153.14,153.06,153.12,28535
01/10/2019,1448,153.12,153.14,153.02,153.02,47404
01/10/2019,1449,153.01,153.04,152.92,152.99,36253
01/10/2019,1450,152.99,153.08,152.98,153.02,22248
01/10/2019,1451,153,153,152.9,152.95,39192
01/10/2019,1452,152.94,152.98,152.93,152.96,19582
01/10/2019,1453,152.96,152.97,152.92,152.95,29614
01/10/2019,1454,152.97,153.03,152.93,152.93,20516
01/10/2019,1455,152.93,152.95,152.85,152.94,41311
01/10/2019,1456,152.94,153.08,152.94,153.06,39094
01/10/2019,1457,153.07,153.09,153.01,153.05,33572
01/10/2019,1458,153.05,153.12,153.05,153.07,28923
01/10/2019,1459,153.05,153.22,153.05,153.19,57048
01/10/2019,1500,153.18,153.28,153.11,153.2,105418
01/10/2019,1501,153.2,153.24,153.18,153.21,32115
01/10/2019,1502,153.21,153.28,153.18,153.2,39696
01/10/2019,1503,153.19,153.3,153.17,153.28,26276
01/10/2019,1504,153.29,153.37,153.25,153.26,42181
01/10/2019,1505,153.26,153.29,153.16,153.17,43421
01/10/2019,1506,153.17,153.18,153.06,153.16,60404
01/10/2019,1507,153.16,153.26,153.11,153.25,31799
01/10/2019,1508,153.25,153.31,153.23,153.23,32957
01/10/2019,1509,153.24,153.25,153.1,153.1,38702
01/10/2019,1510,153.11,153.11,153,153.05,45982
01/10/2019,1511,153.04,153.17,153.03,153.16,25865
01/10/2019,1512,153.15,153.23,153.11,153.16,41288
01/10/2019,1513,153.16,153.31,153.1,153.21,72903
01/10/2019,1514,153.21,153.3,153.2,153.28,37069
01/10/2019,1515,153.28,153.29,153.21,153.24,36609
01/10/2019,1516,153.22,153.22,153.12,153.18,33031
01/10/2019,1517,153.18,153.27,153.17,153.22,27707
01/10/2019,1518,153.21,153.22,153.1,153.11,33190
01/10/2019,1519,153.12,153.13,153.04,153.1,45797
01/10/2019,1520,153.1,153.58,153.09,153.57,230889
01/10/2019,1521,153.57,153.59,153.37,153.44,120596
01/10/2019,1522,153.44,153.5,153.36,153.5,69805
01/10/2019,1523,153.5,153.52,153.44,153.49,65140
01/10/2019,1524,153.48,153.51,153.45,153.51,36038
01/10/2019,1525,153.5,153.61,153.49,153.59,59227
01/10/2019,1526,153.59,153.59,153.43,153.54,68614
01/10/2019,1527,153.52,153.61,153.48,153.56,37939
01/10/2019,1528,153.57,153.57,153.42,153.5,41036
01/10/2019,1529,153.5,153.57,153.5,153.55,24855
01/10/2019,1530,153.54,153.54,153.26,153.32,131422
01/10/2019,1531,153.33,153.6,153.33,153.54,74304
01/10/2019,1532,153.53,153.62,153.48,153.52,63069
01/10/2019,1533,153.53,153.58,153.5,153.56,31716
01/10/2019,1534,153.57,153.65,153.5,153.54,74835
01/10/2019,1535,153.53,153.53,153.37,153.49,52562
01/10/2019,1536,153.49,153.53,153.47,153.53,38081
01/10/2019,1537,153.54,153.54,153.4,153.53,73840
01/10/2019,1538,153.54,153.64,153.53,153.63,49334
01/10/2019,1539,153.63,153.69,153.56,153.64,93145
01/10/2019,1540,153.64,153.71,153.61,153.69,67174
01/10/2019,1541,153.7,153.79,153.65,153.74,77238
01/10/2019,1542,153.73,153.76,153.71,153.75,41618
01/10/2019,1543,153.75,153.77,153.66,153.73,57397
01/10/2019,1544,153.73,153.88,153.71,153.86,68668
01/10/2019,1545,153.86,153.9,153.81,153.84,69362
01/10/2019,1546,153.85,153.86,153.69,153.74,120213
01/10/2019,1547,153.77,153.86,153.76,153.82,82087
01/10/2019,1548,153.81,153.81,153.74,153.74,61268
01/10/2019,1549,153.74,153.79,153.7,153.74,67497
01/10/2019,1550,153.75,153.87,153.75,153.87,71882
01/10/2019,1551,153.88,153.9,153.82,153.87,42240
01/10/2019,1552,153.86,153.96,153.86,153.95,113234
01/10/2019,1553,153.95,153.97,153.9,153.93,49370
01/10/2019,1554,153.93,153.96,153.92,153.96,45147
01/10/2019,1555,153.96,153.97,153.64,153.74,246647
01/10/2019,1556,153.74,153.76,153.67,153.69,98701
01/10/2019,1557,153.69,153.72,153.62,153.7,119075
01/10/2019,1558,153.68,153.69,153.53,153.55,159020
01/10/2019,1559,153.55,153.83,153.53,153.8,769639
01/11/2019,0930,152.81,153.2,152.75,153.15,431397
01/11/2019,0931,153.12,153.32,152.9,153.25,126960
01/11/2019,0932,153.25,153.7,153.25,153.5,178892
01/11/2019,0933,153.53,153.53,153.32,153.43,124889
01/11/2019,0934,153.41,153.57,153.33,153.36,76293
01/11/2019,0935,153.35,153.49,153.2,153.34,85631
01/11/2019,0936,153.35,153.46,153.13,153.16,62439
01/11/2019,0937,153.13,153.17,152.98,153.03,81742
01/11/2019,0938,153.06,153.13,152.86,152.92,87606
01/11/2019,0939,152.94,153,152.82,152.9,77601
01/11/2019,0940,152.89,153.13,152.89,153.09,78706
01/11/2019,0941,153.08,153.21,152.9,152.94,85354
01/11/2019,0942,152.96,153.04,152.8,152.86,69904
01/11/2019,0943,152.85,152.98,152.82,152.88,48405
01/11/2019,0944,152.91,153.05,152.78,153,108654
01/11/2019,0945,153,153.12,152.96,152.98,105069
01/11/2019,0946,152.98,153.25,152.93,153.17,82277
01/11/2019,0947,153.18,153.39,153.12,153.19,105736
01/11/2019,0948,153.2,153.27,153.07,153.22,62549
01/11/2019,0949,153.22,153.46,153.2,153.42,90086
01/11/2019,0950,153.43,153.44,153.2,153.2,98285
01/11/2019,0951,153.2,153.23,153.08,153.18,48430
01/11/2019,0952,153.19,153.2,152.96,153.09,85087
01/11/2019,0953,153.1,153.2,153.06,153.18,50468
01/11/2019,0954,153.17,153.21,153.09,153.14,49401
01/11/2019,0955,153.16,153.16,153,153.07,50627
01/11/2019,0956,153.05,153.16,153,153.08,53406
01/11/2019,0957,153.09,153.1,152.94,152.99,47596
01/11/2019,0958,153,153.05,152.94,153.05,45081
01/11/2019,0959,153.04,153.14,152.97,153.11,111132
01/11/2019,1000,153.09,153.17,153.02,153.08,66814
01/11/2019,1001,153.08,153.17,152.91,153.06,128353
01/11/2019,1002,153.06,153.22,153.02,153.17,72213
01/11/2019,1003,153.15,153.32,153.15,153.18,75755
01/11/2019,1004,153.18,153.21,153.04,153.05,40147
01/11/2019,1005,153.05,153.11,153.01,153.06,42032
01/11/2019,1006,153.08,153.17,153.03,153.16,40083
01/11/2019,1007,153.18,153.22,153.08,153.17,48924
01/11/2019,1008,153.18,153.27,153.15,153.26,35977
01/11/2019,1009,153.26,153.32,153.18,153.31,70556
01/11/2019,1010,153.32,153.37,153.26,153.37,79847
01/11/2019,1011,153.37,153.47,153.32,153.4,99825
01/11/2019,1012,153.41,153.5,153.41,153.44,82954
01/11/2019,1013,153.44,153.44,153.34,153.36,60172
01/11/2019,1014,153.36,153.36,153.18,153.26,98822
01/11/2019,1015,153.27,153.27,153.11,153.13,58413
01/11/2019,1016,153.13,153.17,153.08,153.11,51140
01/11/2019,1017,153.1,153.15,153,153.1,82552
01/11/2019,1018,153.12,153.18,153.05,153.08,57665
01/11/2019,1019,153.09,153.14,153.02,153.08,83552
01/11/2019,1020,153.09,153.09,152.92,152.95,129605
01/11/2019,1021,152.97,153,152.84,152.87,101725
01/11/2019,1022,152.87,152.95,152.81,152.93,134998
01/11/2019,1023,152.91,152.93,152.77,152.78,64648
01/11/2019,1024,152.77,152.86,152.61,152.63,114229
01/11/2019,1025,152.63,152.72,152.46,152.59,150823
01/11/2019,1026,152.6,152.66,152.43,152.47,58506
01/11/2019,1027,152.48,152.48,152.28,152.28,66571
01/11/2019,1028,152.28,152.28,152.07,152.15,85931
01/11/2019,1029,152.15,152.27,152.13,152.21,75603
01/11/2019,1030,152.22,152.38,152.03,152.35,127676
01/11/2019,1031,152.36,152.48,152.35,152.42,82900
01/11/2019,1032,152.43,152.46,152.27,152.27,85012
01/11/2019,1033,152.26,152.5,152.23,152.42,141720
01/11/2019,1034,152.4,152.5,152.38,152.46,41869
01/11/2019,1035,152.46,152.61,152.4,152.55,67888
01/11/2019,1036,152.56,152.6,152.5,152.53,64605
01/11/2019,1037,152.54,152.59,152.5,152.54,32309
01/11/2019,1038,152.54,152.57,152.5,152.52,37738
01/11/2019,1039,152.51,152.53,152.4,152.43,47784
01/11/2019,1040,152.43,152.46,152.4,152.43,37328
01/11/2019,1041,152.42,152.42,152.27,152.31,59745
01/11/2019,1042,152.31,152.49,152.31,152.49,51087
01/11/2019,1043,152.49,152.79,152.45,152.76,119818
01/11/2019,1044,152.76,152.79,152.69,152.77,54406
01/11/2019,1045,152.77,152.8,152.68,152.68,48455
01/11/2019,1046,152.7,152.74,152.63,152.63,50363
01/11/2019,1047,152.62,152.77,152.6,152.73,41267
01/11/2019,1048,152.72,152.77,152.7,152.72,46263
01/11/2019,1049,152.72,152.77,152.69,152.75,29637
01/11/2019,1050,152.76,152.77,152.5,152.52,79277
01/11/2019,1051,152.53,152.64,152.52,152.61,26885
01/11/2019,1052,152.61,152.67,152.57,152.65,31591
01/11/2019,1053,152.65,152.65,152.56,152.6,23258
01/11/2019,1054,152.6,152.75,152.6,152.73,34541
01/11/2019,1055,152.73,152.89,152.73,152.83,108109
01/11/2019,1056,152.84,152.95,152.84,152.89,53577
01/11/2019,1057,152.89,152.94,152.87,152.89,38522
01/11/2019,1058,152.88,152.93,152.85,152.93,36501
01/11/2019,1059,152.92,152.96,152.82,152.83,66825
01/11/2019,1100,152.83,152.99,152.82,152.95,71552
01/11/2019,1101,152.96,152.96,152.68,152.73,63732
01/11/2019,1102,152.73,152.76,152.6,152.75,43606
01/11/2019,1103,152.75,152.75,152.55,152.62,47393
01/11/2019,1104,152.62,152.65,152.37,152.38,75792
01/11/2019,1105,152.39,152.41,152.3,152.38,92900
01/11/2019,1106,152.37,152.39,152.22,152.26,68182
01/11/2019,1107,152.25,152.26,152.2,152.24,55128
01/11/2019,1108,152.22,152.27,152.1,152.1,102289
01/11/2019,1109,152.1,152.23,152.08,152.23,111876
01/11/2019,1110,152.23,152.23,152.01,152.04,71068
01/11/2019,1111,152.04,152.06,151.87,151.99,237169
01/11/2019,1112,151.98,152.02,151.87,151.93,88382
01/11/2019,1113,151.93,152.02,151.92,152,94003
01/11/2019,1114,152,152.13,152,152.1,66736
01/11/2019,1115,152.09,152.21,152.05,152.14,59200
01/11/2019,1116,152.15,152.16,152.08,152.12,34075
01/11/2019,1117,152.13,152.17,152.1,152.12,32985
01/11/2019,1118,152.13,152.25,152.13,152.25,51085
01/11/2019,1119,152.24,152.28,152.12,152.18,84645
01/11/2019,1120,152.18,152.19,152.07,152.08,41856
01/11/2019,1121,152.08,152.1,151.99,152.02,56092
01/11/2019,1122,152.02,152.05,151.92,151.97,59067
01/11/2019,1123,151.97,151.98,151.84,151.97,56316
01/11/2019,1124,151.98,152.17,151.98,152.13,66134
01/11/2019,1125,152.11,152.18,152.05,152.12,45601
01/11/2019,1126,152.13,152.16,152.05,152.15,39573
01/11/2019,1127,152.14,152.23,152.11,152.12,32981
01/11/2019,1128,152.12,152.12,151.92,152.03,45444
01/11/2019,1129,152.03,152.1,151.94,152.01,34009
01/11/2019,1130,152.02,152.03,151.93,151.94,27308
01/11/2019,1131,151.96,151.99,151.95,151.96,34176
01/11/2019,1132,151.96,151.99,151.91,151.99,40852
01/11/2019,1133,151.98,151.99,151.9,151.99,32729
01/11/2019,1134,151.97,152.2,151.97,152.13,76935
01/11/2019,1135,152.12,152.14,152.03,152.1,18923
01/11/2019,1136,152.12,152.14,152.06,152.13,32544
01/11/2019,1137,152.12,152.18,152.06,152.07,31751
01/11/2019,1138,152.08,152.17,152.07,152.11,22067
01/11/2019,1139,152.13,152.19,152.1,152.1,23192
01/11/2019,1140,152.1,152.21,152.07,152.17,32357
01/11/2019,1141,152.15,152.17,152.07,152.07,33357
01/11/2019,1142,152.07,152.08,151.98,152.04,72929
01/11/2019,1143,152.04,152.21,152.04,152.13,46915
01/11/2019,1144,152.12,152.24,152.11,152.24,56409
01/11/2019,1145,152.25,152.32,152.25,152.26,70014
01/11/2019,1146,152.27,152.35,152.24,152.32,54011
01/11/2019,1147,152.32,152.32,152.25,152.28,26289
01/11/2019,1148,152.28,152.36,152.27,152.34,58257
01/11/2019,1149,152.34,152.36,152.3,152.33,28254
01/11/2019,1150,152.34,152.4,152.31,152.33,68010
01/11/2019,1151,152.32,152.37,152.3,152.3,38693
01/11/2019,1152,152.31,152.35,152.24,152.31,33026
01/11/2019,1153,152.31,152.31,152.15,152.19,33600
01/11/2019,1154,152.19,152.23,152.12,152.2,31916
01/11/2019,1155,152.2,152.26,152.18,152.21,26885
01/11/2019,1156,152.21,152.28,152.18,152.28,49260
01/11/2019,1157,152.28,152.38,152.27,152.32,37909
01/11/2019,1158,152.33,152.38,152.3,152.35,15619
01/11/2019,1159,152.35,152.4,152.32,152.37,26869
01/11/2019,1200,152.37,152.42,152.32,152.36,25641
01/11/2019,1201,152.36,152.45,152.32,152.33,60204
01/11/2019,1202,152.34,152.52,152.34,152.51,50516
01/11/2019,1203,152.51,152.52,152.36,152.45,42066
01/11/2019,1204,152.45,152.55,152.42,152.46,38753
01/11/2019,1205,152.47,152.47,152.43,152.45,36453
01/11/2019,1206,152.46,152.53,152.45,152.52,21858
01/11/2019,1207,152.52,152.6,152.48,152.58,93121
01/11/2019,1208,152.58,152.6,152.51,152.52,31494
01/11/2019,1209,152.52,152.52,152.42,152.46,62554
01/11/2019,1210,152.46,152.46,152.37,152.42,39311
01/11/2019,1211,152.42,152.45,152.42,152.44,14711
01/11/2019,1212,152.44,152.54,152.43,152.54,22363
01/11/2019,1213,152.56,152.57,152.49,152.53,22814
01/11/2019,1214,152.52,152.59,152.51,152.59,30413
01/11/2019,1215,152.6,152.63,152.53,152.55,29876
01/11/2019,1216,152.55,152.67,152.55,152.61,30248
01/11/2019,1217,152.62,152.65,152.59,152.63,26550
01/11/2019,1218,152.64,152.65,152.6,152.63,20862
01/11/2019,1219,152.63,152.68,152.59,152.62,29369
01/11/2019,1220,152.63,152.67,152.55,152.55,37763
01/11/2019,1221,152.55,152.57,152.43,152.43,51525
01/11/2019,1222,152.42,152.49,152.41,152.46,24964
01/11/2019,1223,152.46,152.54,152.45,152.52,20583
01/11/2019,1224,152.52,152.53,152.47,152.5,19630
01/11/2019,1225,152.51,152.58,152.5,152.53,19311
01/11/2019,1226,152.54,152.62,152.49,152.6,28044
01/11/2019,1227,152.59,152.59,152.48,152.49,23570
01/11/2019,1228,152.49,152.54,152.43,152.49,29156
01/11/2019,1229,152.5,152.54,152.46,152.46,18748
01/11/2019,1230,152.47,152.51,152.44,152.45,84836
01/11/2019,1231,152.46,152.48,152.38,152.4,31723
01/11/2019,1232,152.41,152.48,152.38,152.43,26422
01/11/2019,1233,152.44,152.52,152.4,152.41,45664
01/11/2019,1234,152.41,152.51,152.36,152.51,42271
01/11/2019,1235,152.51,152.59,152.49,152.59,47400
01/11/2019,1236,152.58,152.64,152.57,152.63,50241
01/11/2019,1237,152.62,152.67,152.53,152.57,34327
01/11/2019,1238,152.57,152.57,152.53,152.57,13290
01/11/2019,1239,152.57,152.64,152.49,152.5,48687
01/11/2019,1240,152.51,152.53,152.47,152.49,28984
01/11/2019,1241,152.48,152.55,152.48,152.51,20179
01/11/2019,1242,152.51,152.58,152.49,152.54,19940
01/11/2019,1243,152.54,152.58,152.51,152.53,22819
01/11/2019,1244,152.53,152.54,152.5,152.5,16859
01/11/2019,1245,152.51,152.51,152.38,152.38,56776
01/11/2019,1246,152.39,152.4,152.31,152.34,29713
01/11/2019,1247,152.33,152.33,152.25,152.3,30696
01/11/2019,1248,152.3,152.34,152.24,152.28,36075
01/11/2019,1249,152.28,152.32,152.24,152.25,39664
01/11/2019,1250,152.25,152.26,152.2,152.26,29091
01/11/2019,1251,152.24,152.32,152.22,152.27,21113
01/11/2019,1252,152.26,152.32,152.24,152.26,31440
01/11/2019,1253,152.26,152.32,152.21,152.29,25130
01/11/2019,1254,152.3,152.38,152.27,152.29,20782
01/11/2019,1255,152.28,152.34,152.28,152.33,18952
01/11/2019,1256,152.34,152.42,152.34,152.4,28106
01/11/2019,1257,152.4,152.44,152.38,152.44,18693
01/11/2019,1258,152.44,152.46,152.41,152.42,39912
01/11/2019,1259,152.42,152.45,152.41,152.43,15645
01/11/2019,1300,152.44,152.45,152.37,152.44,22892
01/11/2019,1301,152.45,152.45,152.37,152.39,23131
01/11/2019,1302,152.4,152.42,152.37,152.38,31600
01/11/2019,1303,152.39,152.42,152.24,152.27,59995
01/11/2019,1304,152.26,152.27,152.14,152.19,48109
01/11/2019,1305,152.19,152.23,152.12,152.19,52703
01/11/2019,1306,152.2,152.21,152.16,152.17,51000
01/11/2019,1307,152.18,152.18,152.14,152.17,19984
01/11/2019,1308,152.17,152.2,152.15,152.16,22704
01/11/2019,1309,152.16,152.18,152.1,152.18,57039
01/11/2019,1310,152.18,152.23,152.16,152.2,38411
01/11/2019,1311,152.21,152.25,152.19,152.2,36160
01/11/2019,1312,152.18,152.22,152.11,152.11,52335
01/11/2019,1313,152.11,152.11,151.95,152,151305
01/11/2019,1314,152,152.02,151.95,151.99,24969
01/11/2019,1315,152,152,151.87,151.92,71202
01/11/2019,1316,151.92,151.96,151.88,151.96,39879
01/11/2019,1317,151.97,152,151.95,151.99,21641
01/11/2019,1318,151.99,151.99,151.9,151.9,62603
01/11/2019,1319,151.9,151.91,151.78,151.86,69292
01/11/2019,1320,151.86,151.86,151.8,151.83,62717
01/11/2019,1321,151.83,151.85,151.8,151.82,49699
01/11/2019,1322,151.83,151.86,151.81,151.83,33762
01/11/2019,1323,151.84,151.84,151.76,151.81,58712
01/11/2019,1324,151.81,151.83,151.73,151.74,50395
01/11/2019,1325,151.73,151.76,151.66,151.75,49732
01/11/2019,1326,151.74,151.84,151.73,151.84,42957
01/11/2019,1327,151.83,151.92,151.82,151.9,46756
01/11/2019,1328,151.91,151.94,151.87,151.91,32785
01/11/2019,1329,151.91,151.91,151.84,151.84,37178
01/11/2019,1330,151.84,151.85,151.75,151.78,26681
01/11/2019,1331,151.77,151.77,151.64,151.65,73664
01/11/2019,1332,151.66,151.71,151.62,151.64,43796
01/11/2019,1333,151.64,151.67,151.58,151.58,49686
01/11/2019,1334,151.59,151.66,151.54,151.66,26249
01/11/2019,1335,151.67,151.69,151.51,151.53,42987
01/11/2019,1336,151.53,151.65,151.51,151.63,36465
01/11/2019,1337,151.64,151.8,151.6,151.79,48660
01/11/2019,1338,151.79,151.81,151.72,151.75,52251
01/11/2019,1339,151.75,151.77,151.68,151.72,38287
01/11/2019,1340,151.73,151.9,151.72,151.89,53468
01/11/2019,1341,151.89,152,151.86,151.95,96612
01/11/2019,1342,151.95,152,151.93,151.97,56324
01/11/2019,1343,152,152,151.94,151.96,71996
01/11/2019,1344,151.96,151.98,151.95,151.96,33418
01/11/2019,1345,151.96,151.97,151.9,151.91,37171
01/11/2019,1346,151.9,151.91,151.8,151.81,47076
01/11/2019,1347,151.81,151.9,151.79,151.9,34063
01/11/2019,1348,151.91,151.95,151.85,151.86,28745
01/11/2019,1349,151.86,151.86,151.66,151.66,54918
01/11/2019,1350,151.66,151.66,151.55,151.58,99230
01/11/2019,1351,151.58,151.76,151.55,151.72,59429
01/11/2019,1352,151.72,151.8,151.68,151.68,30224
01/11/2019,1353,151.67,151.68,151.59,151.68,44620
01/11/2019,1354,151.68,151.7,151.62,151.68,28163
01/11/2019,1355,151.69,151.69,151.59,151.6,30587
01/11/2019,1356,151.6,151.62,151.52,151.57,67677
01/11/2019,1357,151.58,151.73,151.56,151.63,45180
01/11/2019,1358,151.62,151.7,151.59,151.66,29419
01/11/2019,1359,151.65,151.71,151.63,151.65,21080
01/11/2019,1400,151.64,151.69,151.53,151.56,74310
01/11/2019,1401,151.59,151.77,151.57,151.76,30857
01/11/2019,1402,151.77,151.85,151.72,151.76,45891
01/11/2019,1403,151.78,151.78,151.69,151.7,48074
01/11/2019,1404,151.69,151.76,151.68,151.69,29637
01/11/2019,1405,151.68,151.76,151.67,151.74,28890
01/11/2019,1406,151.74,151.79,151.72,151.73,28723
01/11/2019,1407,151.75,151.79,151.75,151.78,15361
01/11/2019,1408,151.78,151.85,151.75,151.83,30597
01/11/2019,1409,151.82,151.95,151.81,151.91,60258
01/11/2019,1410,151.9,151.99,151.87,151.94,39859
01/11/2019,1411,151.94,151.96,151.91,151.95,34918
01/11/2019,1412,151.95,152.02,151.89,152.01,43252
01/11/2019,1413,152,152.04,151.97,152,38492
01/11/2019,1414,151.99,152.02,151.94,151.95,34561
01/11/2019,1415,151.96,152.04,151.92,152.02,35238
01/11/2019,1416,152.02,152.08,151.99,152.07,26411
01/11/2019,1417,152.09,152.09,152.02,152.03,34910
01/11/2019,1418,152.04,152.06,152,152.01,27737
01/11/2019,1419,152,152,151.86,151.87,56930
01/11/2019,1420,151.88,151.92,151.79,151.83,47584
01/11/2019,1421,151.84,151.84,151.79,151.8,40013
01/11/2019,1422,151.8,151.82,151.76,151.78,30230
01/11/2019,1423,151.77,151.81,151.74,151.8,28318
01/11/2019,1424,151.8,151.84,151.77,151.82,23264
01/11/2019,1425,151.83,151.84,151.78,151.79,28149
01/11/2019,1426,151.8,151.88,151.79,151.83,26745
01/11/2019,1427,151.84,151.86,151.79,151.84,21753
01/11/2019,1428,151.85,151.93,151.79,151.92,37902
01/11/2019,1429,151.92,151.98,151.89,151.95,28417
01/11/2019,1430,151.95,152.02,151.92,152.02,42945
01/11/2019,1431,152.02,152.02,151.95,151.99,75675
01/11/2019,1432,152,152.01,151.92,151.93,31523
01/11/2019,1433,151.93,151.97,151.87,151.94,28733
01/11/2019,1434,151.95,152.02,151.94,151.99,16310
01/11/2019,1435,152,152.05,151.99,152.02,32894
01/11/2019,1436,152.02,152.05,151.98,152.04,28805
01/11/2019,1437,152.03,152.07,152.02,152.03,18919
01/11/2019,1438,152.04,152.07,151.99,152.06,29980
01/11/2019,1439,152.06,152.08,152.03,152.07,20845
01/11/2019,1440,152.07,152.07,151.96,152.02,33448
01/11/2019,1441,152.02,152.05,152,152.03,14422
01/11/2019,1442,152.03,152.03,151.94,152.02,32607
01/11/2019,1443,152.02,152.15,152,152.13,51466
01/11/2019,1444,152.14,152.15,152.08,152.1,38323
01/11/2019,1445,152.1,152.14,152.04,152.12,47589
01/11/2019,1446,152.13,152.19,152.11,152.18,33645
01/11/2019,1447,152.17,152.27,152.16,152.24,47530
01/11/2019,1448,152.24,152.24,152.13,152.19,80299
01/11/2019,1449,152.21,152.25,152.18,152.25,22291
01/11/2019,1450,152.26,152.3,152.21,152.26,19473
01/11/2019,1451,152.26,152.31,152.25,152.25,31354
01/11/2019,1452,152.25,152.26,152.21,152.25,29187
01/11/2019,1453,152.24,152.24,152.16,152.17,26839
01/11/2019,1454,152.17,152.22,152.06,152.08,67197
01/11/2019,1455,152.07,152.1,152,152.09,23546
01/11/2019,1456,152.1,152.17,152.02,152.14,52470
01/11/2019,1457,152.15,152.24,152.14,152.17,39722
01/11/2019,1458,152.18,152.2,152.1,152.11,25384
01/11/2019,1459,152.12,152.21,152.11,152.14,29885
01/11/2019,1500,152.13,152.15,152.1,152.12,20309
01/11/2019,1501,152.12,152.17,152.1,152.11,24459
01/11/2019,1502,152.11,152.14,152.07,152.11,36045
01/11/2019,1503,152.11,152.12,152.05,152.08,27772
01/11/2019,1504,152.09,152.09,152.01,152.02,20951
01/11/2019,1505,152.02,152.06,152.01,152.03,27185
01/11/2019,1506,152.04,152.13,152.03,152.11,24268
01/11/2019,1507,152.12,152.15,152.09,152.13,18403
01/11/2019,1508,152.13,152.26,152.13,152.25,37398
01/11/2019,1509,152.25,152.28,152.18,152.21,36465
01/11/2019,1510,152.2,152.21,152.18,152.19,19151
01/11/2019,1511,152.18,152.27,152.18,152.27,33813
01/11/2019,1512,152.26,152.3,152.23,152.29,29264
01/11/2019,1513,152.29,152.32,152.27,152.29,30619
01/11/2019,1514,152.3,152.33,152.19,152.21,75915
01/11/2019,1515,152.21,152.24,152.17,152.22,53352
01/11/2019,1516,152.22,152.22,152.13,152.19,41511
01/11/2019,1517,152.2,152.21,152.16,152.2,41010
01/11/2019,1518,152.2,152.21,152.16,152.2,23982
01/11/2019,1519,152.21,152.21,152.17,152.21,32971
01/11/2019,1520,152.2,152.24,152.16,152.19,51786
01/11/2019,1521,152.19,152.2,152.14,152.19,29938
01/11/2019,1522,152.19,152.22,152.16,152.21,35004
01/11/2019,1523,152.21,152.21,152.12,152.15,33042
01/11/2019,1524,152.16,152.17,152.07,152.07,53572
01/11/2019,1525,152.07,152.1,152,152.06,54896
01/11/2019,1526,152.07,152.11,152.07,152.08,29478
01/11/2019,1527,152.09,152.11,152.04,152.06,44974
01/11/2019,1528,152.06,152.14,152.05,152.08,38150
01/11/2019,1529,152.07,152.14,152.05,152.12,39135
01/11/2019,1530,152.13,152.19,152.1,152.15,45340
01/11/2019,1531,152.15,152.19,152.13,152.19,25823
01/11/2019,1532,152.19,152.27,152.18,152.25,41588
01/11/2019,1533,152.26,152.26,152.18,152.23,36584
01/11/2019,1534,152.23,152.27,152.2,152.23,38648
01/11/2019,1535,152.24,152.28,152.18,152.2,52126
01/11/2019,1536,152.21,152.28,152.21,152.28,61097
01/11/2019,1537,152.29,152.43,152.26,152.41,79565
01/11/2019,1538,152.41,152.46,152.38,152.45,73848
01/11/2019,1539,152.46,152.57,152.45,152.56,86089
01/11/2019,1540,152.55,152.59,152.54,152.54,52643
01/11/2019,1541,152.53,152.54,152.48,152.49,54916
01/11/2019,1542,152.49,152.5,152.35,152.38,93797
01/11/2019,1543,152.37,152.4,152.33,152.34,61866
01/11/2019,1544,152.33,152.38,152.33,152.36,69647
01/11/2019,1545,152.37,152.43,152.36,152.41,59125
01/11/2019,1546,152.4,152.44,152.37,152.43,58280
01/11/2019,1547,152.41,152.42,152.35,152.38,70844
01/11/2019,1548,152.37,152.37,152.18,152.3,116805
01/11/2019,1549,152.3,152.33,152.24,152.24,59768
01/11/2019,1550,152.25,152.26,152.21,152.23,49687
01/11/2019,1551,152.25,152.29,152.21,152.29,69826
01/11/2019,1552,152.29,152.32,152.28,152.3,71089
01/11/2019,1553,152.31,152.33,152.24,152.25,77720
01/11/2019,1554,152.24,152.26,152.13,152.15,120689
01/11/2019,1555,152.15,152.4,152.15,152.26,261552
01/11/2019,1556,152.26,152.3,152.25,152.28,75936
01/11/2019,1557,152.28,152.3,152.21,152.21,154799
01/11/2019,1558,152.21,152.22,152.04,152.05,284826
01/11/2019,1559,152.06,152.31,152.06,152.28,447286
