,-82.83
,225.88
,-51.59
,-123.37
,-33.02
,-190.69
,627.04
,-142.3
,134
,-36.23
,-173.73
,-187.27
,-167.27
,236.32
,-84.98
,-154.1
,355.43
,148.99
,-192.04
,-178.57
,162.33
,-199.47
,-197.67
,-158.75
,-108.3
,33.82
,22.06
,-10.42
,-113.67
,-165.93
,7.03
,-187.56
,-179.94
,-170.5
,254.13
,-151.71
,-184.11
,91.45
,192.89
,-137.29
,59.41
,107.78
,-45.11
,-178.61
,98.92
,-114.98
,694.86
,-74.12
,-196.85
,11.76
,-193.38
,727.13
,-70.08
,291.88
,-173.66
,-63.59
,-141.58
,-97.28
,679.53
,56.68
,-121.15
,-52.99
,-198.56
,-115.62
,25.12
,-73.23
,-191.79
,-149.53
,-36.16
,-190.11
,-153.73
,149.89
,-129.18
,311.3
,658.29
,-194.8
,-111.71
,415.94
,-124.85
,150.64
,-99.27
,-21.9
,117.27
,97.33
,72.29
,-87.15
,-120.7
,-71.95
,-131.77
,-185.76
,441.61
,254.21
,-144.93
,-163.05
,-120.78
,-158.37
,-185.25
,-85.24
,31.35
,-99.08
,-111.63
,-51.6
,-153.26
,-195.38
,-11.79
,-186.54
,-117.93
,174.31
,-84.43
,-133.22
,-59.19
,6.38
,-110.54
,108.1
,-117.81
,81.84
,51.3
,-119.68
,49.02
,-157.34
,454.36
,226.39
,-101.64
,-153.44
,-99.23
,-146.36
,-53.05
,408.51
,-191.38
,-12.72
,95.13
,-83.89
,-192.04
,-42.54
,-68.49
,-95.43
,-173.8
,22.76
,37.62
,119.7
,-171.58
,-147.57
,-121.64
,84.3
,147.66
,-41.73
,-105.91
,-156.48
,68.01
,-153.63
,-139.58
,185.01
,-84.59
,-160.6
,157.17
,-47.95
,-147.45
,-197.56
,-192.13
,413.78
,36.39
,-198.79
,-51.95
,456.58
,76.94
,-194.46
,-53.62
,-172.96
,-71.82
,-56.53
,507.6
,-163.68
,47.25
,-95.72
,-161.05
,-191.99
,101.09
,-123.46
,91.66
,18.18
,-65.34
,46.13
,-149.86
,-181.01
,-178.68
,-89.79
,-89.23
,-163.11
,-163.56
,50.84
,40.42
,-173.18
,-23.44
,234.76
,-104.76
,-184.83
,-57.91
,-103.51
,67.16
,81.92
,-161.6
,-154.97
,-167.84
,203.11
,-120.38
,38.17
,285.27
,-88.9
,516.31
,-72.4
,-56.69
,-9.19
,48.21
,-171.46
,-148.98
,-199.83
,-92.44
,-121.89
,-134.44
,-188.55
,-66.97
,45.94
,-161.27
,-180.46
,-167.94
,-96.05
,-31.86
,-161.54
,-105.67
,215.95
,-136.59
,-141.88
,-164.14
,-56.49
,-199.75
,-24.92
,-96.98
,-172.45
,30.04
,5.62
,619.27
,194.06
,-165.45
,345.47
,-80.07
,-108.67
,218.68
,-92.12
,-25.85
,-178.2
,60
,-153.78
,-116.91
,11.52
,-30.98
,-148.65
,-180.59
,110.75
,11.82
,-83.43
,-64.91
,119.83
,-179
,70.99
,8.82
,-181.46
,-188.1
,-134.54
,-109.26
,-46.23
,57.01
,87.55
,-157.53
,187.57
,-135.62
,-135.72
,-102.83
,117.55
,-130.87
,-126.8
,-196.84
,-180.28
,-45.19
,-0.27
,192.64
,-16.22
,-56.36
,-57.99
,200.23
,-166.1
,-187.62
,142.05
,45.36
,-162.97
,-184.8
,-189.3
,353.65
,326.61
,-109.71
,-72.85
,40.81
,-131.34
,731.24
,-124.32
,-160.75
,-4.06
,222.74
,-183.1
,37.12
,462.38
,25.31
,-147.54
,43.37
,96.57
,-195.56
,-127.67
,-193.2
,-47.48
,149.39
,-180.35
,-176.78
,-198.59
,-130.3
,-112.82
,-165.56
,162.8
,-177.41
,-83.8
,-75.85
,-128.58
,212.4
,-84.99
,-76.56
,-167.89
,-49.35
,63.52
,-188.26
,-123.81
,493.5
,59.79
,-123.21
,-115.42
,132.21
,-25
,30.37
,10.83
,24.14
,-146.61
,606.85
,288.19
,-121.62
,-105.36
,-24.21
,-99.23
,22.65
,92.92
,-154.44
,-198.2
,-21.72
,-2.67
,409.42
,177.6
,-136.12
,261.01
,241.06
,-171.42
,-159.03
,-23.66
,-126.88
,-99.52
,-70.55
,-123.4
,219.24
,-172.41
,421.46
,-130.87
,-91.19
,123.74
,-43.29
,-124.25
,-110.88
,11.53
,-68.42
,-3
,-22.85
,113.39
,-105.54
,879.63
,-126.89
,-174.32
,227.69
,-136.26
,-198.28
,-45.87
,-179.94
,-61.47
,601.16
,-97.57
,-164.48
,-97.49
,60.92
,-92.51
,-179.28
,131.15
,205.85
,44.96
,-196.71
,-87.62
,-197.13
,-192.48
,94.13
,-76.89
,-144.5
,-91.51
,-198.19
,294.33
,138.38
,-192.22
,-176.52
,-120.67
,-136.17
,-99.08
,121.23
,-72.95
,-94.51
,-194.37
,-186.16
,-192.25
,-98.63
,-13.2
,183.26
,-125.02
,-147.2
,-40.57
,-74.13
,-106.64
,608.1
,315.45
,-41.54
,-158.82
,-138.4
,478.16
,162.65
,1.65
,191.41
,-92.05
,-179.59
,72.52
,-157.54
,69.88
,-106.06
,296.28
,-156.31
,-192.47
,-2.54
,53.18
,-33.34
,-132.65
,-192.12
,-171.42
,-81.14
,268.8
,-146.59
,44.69
,-135.5
,-29.17
,-137.08
,-118.13
,-187.15
,-63.63
,-109.27
,-3.43
,-135.57
,-91.89
,-127.2
,36.09
,-136.45
,-77.9
,479.06
,-197.25
,426.34
,-161.82
,-197.88
,-162.91
,395.04
,-85.35
,93.13
,-111.01
,114.76
,-141.39
,-5.54
,6.03
,-104.3
,385.61
,-134.09
,-56.84
,-189.64
,290.52
,-178.18
,175.68
,-181.33
,239.06
,425.56
,-59.92
,-31.63
,395.76
,-150.42
,-77.38
,-90.04
,36.43
,-84.62
,-111.74
,-153.51
,-184.5
,-150.77
,-134.82
,58.5
,-18.54
,-166.73
,-9.55
,-132.16
,-179.7
,-197.68
,-19.9
,-85.88
,-54.07
,-60.54
,224.27
,-53.32
,148.88
,332.9
,159.7
,-35.46
,-76.47
,184.36
,215.42
,200.16
,-67.24
,-161.37
,-194.25
,165.35
,63.44
,-161.31
,-161.5
,-179
,-154.83
,237.32
,63.66
,-159.38
,-42.48
,-90.84
,-152.04
,-106.68
,-5.38
,-156.55
,-176.05
,-15.84
,270.87
,-172.56
,-101.29
,379.31
,167.01
,-169.68
,-99.1
,-12.63
,-149.95
,107.99
,-86.41
,-92.63
,-77.92
,12.65
,-74.75
,186.7
,-197.78
,-118.18
,-170.75
,264.91
,-129.16
,97.78
,182.29
,183.62
,-180.88
,-165.65
,-171.22
,-154.12
,32.83
,-88.89
,-135.84
,20.78
,-94.8
,-154.68
,-154.07
,629.24
,76.54
,-82.61
,-173.7
,-102.73
,-122.77
,-83.57
,46.51
,-25.61
,322.61
,18
,-187.05
,179.15
,158.93
,-97.23
,-39.92
,-149.25
,89.34
,-4.64
,107.09
,141.69
,-110.87
,-107.36
,166.01
,-132.15
,863
,-181.02
,71.32
,182.97
,-173.56
,535.85
,-137.36
,24.22
,376.79
,-145.17
,-128.1
,16.96
,-143.7
,271.77
,-172.31
,-108.14
,-30.82
,-160.25
,-199.6
,-143
,-165.46
,-21.7
,-11.4
,140.49
,6.56
,186.69
,894.79
,-108.81
,377.22
,-123.75
,-107.13
,-127.52
,-154.74
,-10.96
,-106.06
,-87.58
,-157.87
,106.88
,72.07
,-121.51
,-72.92
,-149.39
,-82.06
,-90.48
,39.98
,-184.7
,-1.09
,62.62
,-177.34
,-122.66
,23.28
,-127.41
,-52.54
,552.71
,-186.09
,-195.17
,43.84
,-49.46
,-95.59
,-197.52
,283.55
,80.57
,-24.54
,-172.42
,14.05
,310.55
,-122.4
,-113.1
,702.76
,294.21
,-76.39
,-60.42
,13.06
,-65.06
,-3.16
,-62.17
,-54.8
,-192.27
,-87.58
,-110.16
,-45.4
,153.82
,102.02
,-92.33
,-91.98
,461.1
,-46.12
,-170.62
,-126.69
,-148.38
,-52.42
,-187.54
,147.16
,146.7
,-162.88
,475.89
,4.03
,-60.66
,52.85
,-84.1
,-162.72
,-131.52
,70.96
,-158.74
,173.56
,59.3
,437.09
,283.78
,-12.69
,19.24
,-119.14
,-17.17
,-124.29
,-183.27
,-184.63
,-95.57
,2.77
,-184.59
,-37.1
,-166.58
,-85.59
,-164.81
,-164.91
,-147.43
,632.98
,-139.8
,-48.6
,-143.4
,-175.08
,-194.43
,-167.37
,-120.21
,-168.06
,-141.23
,209.1
,128.35
,-150.94
,-190.55
,-174.77
,-199.27
,176.45
,102.57
,70.94
,50.92
,-146.76
,22.7
,59.31
,-88.37
,-137.36
,-72.95
,-21.51
,-82.7
,-194.25
,492.26
,-115.55
,161.53
,-146.15
,-170.82
,174.99
,38.54
,-185.69
,-34.97
,14.86
,53.56
,-161.24
,152.89
,20.21
,-105.51
,-33.1
,-152.81
,119.87
,-149.91
,386.97
,566.11
,55.54
,-7.28
,-21.53
,-72.68
,-57.17
,-14.12
,375.5
,197.62
,-86.26
,12.95
,15.58
,-148.27
,4.44
,12.4
,-153.76
,-154.3
,124.28
,-167.72
,-131.1
,581.72
,73.26
,-70.35
,-143.49
,101.96
,-80.64
,1.03
,36.02
,190.63
,-126.22
,-15.58
,-116.16
,-104.34
,-143.92
,-5.06
,-19.5
,-97.44
,-182.67
,29.14
,20.52
,-141.88
,176.22
,35.26
,7.42
,-126.74
,-100
,-24.65
,13.68
,203.25
,-142.54
,-182.21
,114.67
,-19.31
,-132.39
,-162.09
,-193.93
,44.86
,85.67
,-116.12
,-118.48
,-100.63
,-83.75
,-176.28
,2.75
,310.76
,75.15
,-24.1
,-186.42
,-13.04
,-191.5
,-38.25
,-119.03
,-132.67
,-21.13
,342.16
,-171.3
,-8.51
,16.26
,-180.19
,-62.17
,-131.48
,-176.54
,186.53
,-135.79
,128.66
,-164.86
,-46.64
,-116.2
,-169.58
,29.72
,81.22
,-17.79
,-136.87
,-186.32
,-147.78
,-130.34
,-71.63
,6.65
,-153.34
,-71.95
,-56.41
,-88.04
,-43.71
,-25.45
,52.31
,459.41
,151.63
,-187.82
,-189.78
,-184.66
,-153.87
,-35.57
,-185.36
,-188.97
,-97.67
,-47.66
,-166.69
,-144.5
,301.85
,-189.63
,-50.07
,-89.86
,-198.37
,-81.13
,173.8
,-48.25
,-143.92
,-133.92
,82.25
,-83.25
,-147.04
,-155.66
,-153.68
,-138.16
,-135.91
,-130.66
,363.24
,13.85
,-163.37
,-168.8
,-155.14
,172.39
,32.83
,188.74
,-191.77
,-169.51
,-71
,-191.42
,-71.23
,-186.78
,-19.93
,-155.81
,-176.72
,-111.31
,-29.39
,4.16
,-127.06
,5.94
,233.85
,-138.15
,62.79
,-160.97
,-31.48
,-137.14
,-67.17
,306.89
,175.42
,9.21
,-149.15
,-189.8
,55.77
,206.78
,-145.22
,55.38
,-56.74
,36.76
,-173.68
,671.41
,61.48
,698.98
,-175.56
,41.07
,-187.49
,-120.42
,-133.23
,-181.36
,-152.38
,224.03
,-74.78
,-152.7
,-193.1
,-53.25
,-16.25
,-24.71
,183.93
,-180.88
,-68.35
,402.69
,99.12
,68.87
,142.31
,-9.18
,-50.08
,-133.21
,-83.94
,-131.81
,51.34
,128.75
,33.81
,71.29
,-189.75
,-84.71
,616.28
,319.54
,-97.67
,27.16
,-78.04
,-142.58
,-112.58
,-60.02
,-174
,-157.74
,-142.45
,49.13
,-50.56
,87.36
,-97.91
,-178.49
,393.08
,-195.82
,34.2
,13.3
,-54.18
,-146.15
,-107.34
,-178.47
,105.27
,-166.29
,-64
,-73.37
,-49.29
,-40.61
,11.06
,-119.96
,-82.26
,138.46
,-5.93
,197.53
,-160.05
,70.59
,-92.09
,-160.53
,55.82
,271.72
,-196.61
,-84.77
,-159.71
,162
,-159.19
,-179.55
,148.6
,-194.64
,58.1
,-171.76
,29.39
,-145.97
,452.92
,-113.78
,-19.48
,201.77
,33.82
,-173.25
,-107.02
,296.8
,-184.84
,-67.19
,-179.28
,-62.55
,-178.08
,54.2
,40.05
,-86.55
,-110.24
,-148.01
,-98.12
,-108.51
,366.66
,-33.41
,-61.89
,506.7
,-36.8
,-179.58
,1475.97
,126.55
,37.9
,-188.74
,49.85
,-60.11
,95.55
,-13.4
,111.07
,-3.44
,626.82
,-13.25
,-106.35
,344.29
,-128.62
,-64.7
,-51.87
,-178.13
,-19.4
,-171.59
,-130.56
,-184.21
,-36.94
,-144.21
,-133.33
,-187.52
,-88.18
,-123.44
,260.77
,-18.98
,-184.01
,-117.81
,-74.49
,-116.99
,-198.08
,-158.3
,-122.07
,-11.77
,-87.29
,-150.28
,-120.95
,-122.43
,41.53
,-2.17
,64.41
,297.18
,281.95
,-157.73
,-174.44
,-186.27
,-89.9
,-138.03
,-64.54
,287.16
,-139.68
,-29.36
,-117.52
,45.84
,-4.95
,-180.68
,-132.31
,-86.17
,345.41
,299.7
,-1.38
,-166.66
,-69.37
,445.52
,-106.4
,283.49
,-18.85
,-182.67
,-192.1
,124.59
,646.6
,295.04
,-18.26
,-19.86
,-156.93
,175.36
,-176.65
,28.24
,173.11
,-65.13
,-101.73
,-151.55
,-29.87
,206.73
,-116.32
,-145.65
,67.63
,139.29
,-6.47
,124.96
,-161.32
,493.26
,-166.31
,18.93
,-86.91
,-153.45
,-143.88
,483.73
,-142.8
,321.12
,-147.42
,-64.92
,-174.89
,-149.1
,-188.49
,-191.12
,-76.45
,-115.79
,460
,-185.09
,-164.81
,118.3
,-145.47
,175.49
,-70.54
,113.73
,-50.06
,-185.85
,-95.58
,143.73
,-115.16
,-189.63
,-144.47
,-11.45
,-68.07
,188.06
,-18.21
,-160.66
,723.15
,163.12
,-45.68
,-41.2
,491.5
,-58.16
,553.53
,334.65
,121.52
,236.14
,-81.87
,-175.36
,-156.17
,460.5
,32.79
,84.83
,213.7
,-189.13
,-133.26
,57.78
,69.73
,-173.91
,-145.36
,-125.48
,-141.87
,-169.65
,-55.93
,840.81
,97.54
,-193.66
,73.86
,38.06
,414.66
,214.42
,111.15
,-97.58
,-56.13
,-167.27
,-133.55
,-196.94
,-187.27
,213.02
,-41.31
,66.93
,145.56
,-192.2
,-187.42
,-164.28
,288.79
,-90.76
,-140.9
,-133.35
,45.06
,-169.72
,-53.38
,-133.03
,446.65
,24.67
,64.21
,66.92
,-0.55
,45.69
,-47.39
,191.31
,223.52
,92.61
,-85.45
,-145.43
,303.87
,-128.5
,-150.56
,175.44
,-183.01
,-186.26
,-44.51
,-120.7
,-185.94
,-185.52
,-12.87
,-119.52
,-178.32
,-193.93
,240.31
,-168.69
,38.77
,17.19
,47.99
,-159.15
,-66.49
,114.82
,-107.02
,-15.22
,-164.92
,-123.58
,-77.94
,-149.04
,-176.87
,96.26
,-154.29
,43.01
,36.87
,209.81
,-153.69
,237.89
,240.56
,-199.78
,68.05
,-15.6
,-180.86
,69.47
,-197.41
,-99.12
,365.14
,2.75
,-140.77
,-184.86
,-64.4
,-99.07
,-104.32
,29.28
,-126.3
,-136.66
,-183.99
,-43.78
,291.55
,-68.21
,-168.87
,-101.05
,-177.57
,-153.21
,-151.5
,22.11
,-181.98
,289.42
,-87.62
,30.55
,-139.44
,-196.43
,-186.7
,-199.11
,-128.55
,201.4
,-9.01
,-172.58
,112.47
,271.83
,163.37
,47.72
,-102.78
,162.75
,-102.41
,128.02
,133.54
,-71.34
,138.52
,-148.78
,42.25
,-175.1
,-86.88
,-154.9
,-79.88
,-189.67
,-195.88
,123.54
,156.82
,-38.37
,-182.84
,-62.42
,-192.04
,316.33
,-171.16
,104.42
,-190.28
,26.96
,-143.82
,-166.61
,-59.54
,-136.04
,-192.89
,160.26
,-148.63
,123.55
,-163.59
,30.71
,-93.37
,-150.1
,-58.57
,-25.58
,-100.99
,23.63
,-136.57
,-118.05
,-133.07
,-145.46
,235.52
,54.76
,261.99
,-9.43
,33.95
,-78.36
,-95.62
,-103.52
,-176.3
,-151.14
,264.41
,-158.77
,-94.22
,-193.28
,-130.56
,-75.41
,125.93
,180.24
,-91.62
,-82.05
,4.35
,-103.67
,-91.81
,-106.47
,-186.86
,-65.36
,-149.4
,-104.85
,-195.78
,-114.12
,-78.66
,182.44
,77.51
,26.95
,482.63
,-103.52
,234.67
,-56.69
,291.97
,181.02
,151.34
,-118.75
,-164.39
,-63.19
,-68.25
,13.54
,-115.97
,118.11
,-188.12
,-111.21
,142.71
,-71.11
,-20.08
,-182.07
,-68.87
,-21.85
,-129.59
,-130.84
,-70.56
,78.36
,209.85
,-180.59
,76.07
,26.6
,-62.63
,-116.73
,-171.54
,-178.96
,252.58
,83.67
,-100.42
,-88.8
,-123.58
,163.31
,-184.66
,179.39
,-147.64
,451.41
,-74.15
,48.44
,-197.64
,136.65
,10.71
,-150.03
,-178.04
,148.84
,-181.5
,-56.07
,75.57
,89.8
,274.49
,-110.51
,-99.79
,182.81
,47.34
,-187.12
,367.8
,517.01
,30.37
,-36.69
,-61.49
,186.23
,-21.42
,330.43
,148.35
,-106.89
,232.24
,579.92
,-24.88
,-182.25
,-48.37
,49.59
,-132.68
,458.35
,-126.5
,-176.95
,-78.96
,-121.66
,100.76
,-130.46
,-145.68
,-187.46
,375.55
,-72.43
,-26.78
,223.53
,-174.21
,-183.55
,77.89
,-156.51
,-93.83
,307.83
,-191.97
,177.38
,-131.69
,23.9
,214.61
,-150.1
,121.47
,64.74
,-41.42
,145.17
,5.27
,-84.49
,-189.78
,202.86
,-131.84
,40.34
,-185.29
,-181.49
,-162.17
,24.65
,86.08
,188.41
,113.65
,-189.07
,141.61
,-128.3
,-154.89
,-179.62
,-184.31
,186.24
,-30.26
,-144.74
,19.57
,-192.41
,306.79
,-85.16
,66.89
,-130.77
,-25.9
,-157.62
,-119.45
,-121.03
,276.63
,-112.49
,-190.66
,224.47
,-151.11
,36.14
,-59.67
,24.34
,4
,-137.31
,-142.96
,-143.01
,-197.35
,-195.01
,43.94
,-117.16
,210.48
,-175.17
,-45.16
,-178.87
,-59.57
,149.52
,118.61
,80.53
,268.69
,-139.71
,-160.94
,-145.88
,-94.26
,-125.21
,-132.22
,-197.71
,-1.05
,-178.83
,-133.19
,-138.86
,-104.8
,201.93
,-141.47
,-194.01
,-179.24
,-40.84
,236.56
,-156.23
,153.48
,238.6
,-19.27
,394.38
,-149.4
,281.04
,596.78
,-124.94
,290.97
,-162.17
,98.36
,86.45
,-9.91
,-50.29
,-31.87
,112.83
,-176.34
,57.09
,-172.48
,-68.45
,-2.84
,-169.9
,-165.93
,43.72
,-177.6
,-177.26
,-110.95
,-191.34
,-178.78
,-145.79
,350.27
,-176.57
,174.78
,-190.25
,-199.81
,-88.41
,-121.88
,441.8
,-126.27
,740.97
,-16.84
,-190.53
,404.98
,19.18
,344.45
,13.74
,254.44
,232.35
,-133.07
,-145.69
,-145.88
,-169.98
,-102.14
,362.3
,-172.79
,9.24
,-29.74
,-138.2
,-67.23
,18.8
,-106.35
,103.33
,280.56
,-188.74
,25.25
,-119.1
,50.53
,249.12
,-107.2
,-8.6
,-127.08
,-57.17
,-86.2
,-130.9
,-31.6
,-199.94
,195.74
,126.58
,-194.76
,-113.73
,-85.31
,31.81
,-56.65
,-19.74
,-148.18
,-119.01
,47.74
,-166.58
,-194.71
,147.47
,440.16
,-195.28
,-194.84
,59.25
,-171.32
,-86.73
,105.91
,-75.41
,-158.16
,-182
,-95.93
,-160.84
,193.52
,10.29
,1.88
,445.11
,257.74
,-191.82
,-89.12
,-9.64
,-116.6
,-187.68
,-195.71
,51.93
,122.58
,-111.82
,-34.53
,-135.02
,392.62
,-112.49
,171.23
,258.54
,-154.71
,-195.95
,-129.59
,793.92
,-130.9
,342.4
,-55.47
,-158.33
,263.61
,-68.32
,210.91
,152.15
,39.55
,-134.11
,-160.02
,-121.34
,13.95
,127.08
,192.59
,22.16
,-88.32
,-64.45
,-150.08
,-45.91
,-81.88
,-37.56
,-162.29
,-111.42
,-193.62
,86.58
,-100.7
,-160.34
,-185.67
,-68.02
,-190.48
,-154.15
,-146.67
,-51.3
,79.12
,139.95
,-65.88
,-115.08
,-69.24
,-123.58
,130.23
,450.03
,122.92
,488.84
,33.16
,70.69
,-87.37
,-59.23
,-85.04
,-48.01
,-178.77
,-156.81
,-159.97
,-25.89
,-139.49
,13.64
,-6.05
,-9.21
,-47.78
,70.2
,-90.58
,-111.11
,6.09
,-155.59
,-140.94
,294.82
,56.06
,-82.42
,220.43
,151.24
,-16.91
,110.94
,18.69
,-132.04
,68.08
,-88.02
,174.22
,12.14
,-149.6
,-199.74
,109.39
,104.2
,-177.58
,-91.73
,-134.36
,-29.9
,127.18
,255.52
,-193.42
,1067.31
,-146.59
,-64.84
,-5.46
,-180.57
,-190.03
,104.12
,-188.34
,-174.71
,-42.7
,220.6
,-167.6
,-102.86
,-6.82
,-38.14
,-132.43
,-103.33
,-61.63
,667.86
,-116.99
,-132.94
,-71.61
,-4.13
,-197.52
,-95.83
,-54.18
,-97.75
,-191.58
,-130.18
,-76.55
,-167.55
,-151.59
,345.4
,-176.76
,-78.63
,60.56
,329.17
,-191.86
,-185.2
,-196.56
,-37.4
,82.86
,92.79
,-60.94
,464.69
,-135.57
,36.64
,-72.37
,-130.77
,-146.75
,-175.05
,375
,307.46
,-188.94
,306.45
,232.89
,48.06
,-57.85
,340.11
,-179.96
,-127.48
,-17.68
,-73.61
,44.6
,127.17
,-67.01
,-192.73
,187.84
,156.76
,418.47
,-146.91
,-35.85
,202.01
,-131.18
,-157.77
,-144.73
,151.18
,15.46
,-70.82
,240.83
,-41.47
,-66.47
,-72.37
,-192.58
,-162.95
,123.3
,-173.36
,-57.92
,-130.7
,-196.48
,-76.36
,-159.91
,85.87
,-79.13
,-124.79
,-96
,143.67
,-7.93
,-146.11
,-188.1
,86.55
,-195.85
,-175.31
,100.97
,-115.86
,-129.91
,47.62
,6.59
,-111.17
,-143.3
,134.36
,-54.08
,-159.08
,-129.13
,-195.46
,-81.41
,-174.31
,-127.67
,-129.78
,70.18
,-115.9
,-195.01
,-156.13
,567.38
,-4.2
,638.92
,-180.46
,-146.03
,-186.09
,278.18
,-197.93
,-144.25
,-106.13
,161.02
,-2.21
,32.32
,-186.34
,22.14
,-92.43
,284.05
,-154.36
,-39.45
,115.13
,497.16
,687.72
,693.18
,-326.15
,-277.38
,376.71
,235.09
,998.49
,249.69
,-154.86
,179.59
,590.28
,772.99
,-275.16
,340.4
,78.81
,-126.09
,1183.46
,-63.69
,96.32
,467.81
,543.84
,577.8
,110.65
,421.89
,-220.53
,112.91
,-590.46
,530.8
,86.33
,189.6
,631.71
,-116.52
,-392.15
,-6.3
,630.66
,143.32
,228.79
,84.57
,-209.73
,130.23
,278.43
,29.95
,368.8
,254.48
,579.97
,229.81
,175.86
,265.79
,-157.95
,886.4
,1050.48
,145.69
,-343.52
,326.3
,-172.04
,595.55
,572.47
,-180.44
,1273.64
,-43.88
,170.88
,-308.72
,209.37
,-106.5
,4.76
,-19.51
,-222.16
,684.5
,161.16
,421.02
,150.09
,894.35
,178.9
,263.26
,-202.28
,756.51
,-65.34
,389.11
,330.54
,1197.59
,-396
,316.87
,346.29
,146.19
,297.31
,-388.14
,594.76
,-548.08
,596.03
,718.29
,296.08
,0.43
,-232.47
,497.67
,170.44
,263.29
,336.55
,156.09
,-74.25
,709.1
,927.28
,563.82
,-398.56
,113.91
,275.59
,-43.95
,-469.14
,1258.96
,364.38
,479.37
,657.66
,-40.7
,-220.65
,428.71
,565.36
,1595.84
,-102.37
,363.36
,-74.81
,133.76
,370.17
,-55.95
,329.39
,481.73
,-934.63
,-239.84
,-413.51
,-215.38
,-7.37
,123.23
,114.88
,114.48
,-222.4
,451.51
,-127.65
,644.17
,99.59
,233.09
,-413.29
,-298.71
,26.78
,-167.34
,256.44
,504.17
,162.74
,791.06
,894.87
,-315.9
,-504.22
,125.66
,512.46
,330.88
,42.14
,346.31
,746.83
,231.33
,497.79
,229.06
,203.35
,10.79
,-188.84
,140.78
,462.86
,657.41
,71.16
,4.16
,-143.06
,-467.98
,-480.96
,-137.4
,311.57
,295.89
,28.34
,236.47
,278.1
,297.02
,190.16
,255.51
,152.84
,208.77
,171.75
,756.13
,-44.69
,-370.87
,210.78
,338.6
,658.05
,110.04
,-471.92
,397.12
,115.66
,-133.46
,45.06
,551.67
,499.62
,177.11
,50.81
,383.69
,680.14
,-299.68
,340.06
,661.09
,114.42
,82.97
,-2.34
,-336.46
,171.75
,-75.87
,64.39
,892.85
,166.69
,350.14
,331.67
,-497
,108.95
,852.46
,143.71
,43.48
,175.45
,420.28
,583.51
,304.88
,365.52
,67.16
,-28.15
,207.5
,-499.77
,433.18
,717.66
,694.67
,-59.17
,-266.81
,758.11
,120.01
,909.16
,174.98
,-98.66
,-72.72
,-377.83
,605.85
,-249.8
,516.33
,655.21
,-384.51
,-230.57
,203.36
,657.72
,1184.85
,-119.75
,-44.66
,-450.04
,59.26
,815.33
,652.49
,-167.3
,548.51
,199.24
,138.8
,497.04
,-514.15
,574.87
,288.99
,-13.85
,-55.64
,528.74
,103.27
,-1013.75
,-162.29
,-198.81
,436.12
,83.39
,359.85
,822.35
,-253.59
,197.73
,-192.67
,209.72
,821.94
,202.81
,481.89
,272.13
,185.35
,615.27
,-483.33
,-16.52
,-164.4
,-37.08
,204.17
,206.46
,751.45
,665.76
,448.82
,277.67
,771.09
,-138.41
,111.45
,-518.33
,-606.91
,682.44
,89.49
,37.39
,198.29
,397.96
,141.9
,640.11
,348.37
,468
,50.1
,-381.26
,339.51
,920.05
,585.04
,-18.81
,330.54
,83.56
,464.48
,-355.54
,517.45
,1.91
,-428.7
,296.27
,494.04
,195.61
,-263.95
,305.86
,-583.73
,378.56
,577.55
,-199.74
,261.86
,-224.25
,760.86
,335.52
,252.69
,182.9
,-317.09
,218.26
,-0.24
,-54.11
,-221.95
,-18.69
,371.75
,-469.15
,903.93
,476.59
,753.99
,182.05
,-300.64
,659.57
,354.08
,148.61
,635.08
,-92.71
,-425.83
,727.21
,572.92
,720.81
,8.05
,-477.05
,519.49
,37.23
,648.64
,-79.22
,3.68
,803.35
,298.31
,-83.79
,245.28
,-65.99
,519.78
,183.52
,217.73
,-86.09
,1187.98
,422.89
,311.61
,890.14
,836.59
,648.72
,566.79
,421.02
,492.37
,436.2
,914.8
,47.9
,708.21
,-112.48
,-177.87
,791.7
,397.97
,-650.7
,-128.43
,-9.87
,110.86
,285.47
,7.26
,422.19
,599.6
,140.55
,329.32
,-269.55
,153.28
,378.14
,-321.87
,519.7
,505.11
,-281.43
,162.15
,-453.65
,596.91
,617.95
,402.85
,432.82
,26.65
,59.49
,140.47
,775.94
,-590.96
,523.78
,426.06
,359.93
,-53.28
,242.46
,648.24
,-682.39
,-101.39
,-38.31
,1189.97
,-355.99
,-42.77
,277.67
,-154.13
,211
,8.04
,441.63
,140.5
,-417.58
,-34.92
,743.55
,-33.58
,276.72
,-431.91
,529.12
,602.76
,58.8
,-83.17
,-164.19
,45.61
,-700.57
,-183.25
,698.78
,317.03
,-156.8
,183.36
,-128.27
,-538.26
,689.72
,346.9
,93.37
,546.61
,985.03
,-413.85
,-100.04
,134.6
,377.5
,174.5
,602.66
,471.23
,869.68
,203.87
,-189.23
,97.73
,386.55
,183.18
,-5.63
,-30.87
,38.59
,-80.9
,646.35
,550.24
,187.05
,614.22
,82.43
,374.14
,-80.55
,-115.47
,376.84
,188.6
,-129.71
,477.34
,-505.61
,416.75
,173.6
,-181.02
,571.31
,1174.35
,362.75
,483.41
,803.33
,142.21
,434.25
,131.01
,-255.4
,-144.97
,422.11
,521.79
,-404.27
,788.38
,818.64
,467.15
,210.68
,-98.67
,235.73
,627.07
,494
,387.32
,100.33
,150.24
,264.6
,487.43
,42.36
,971.32
,323.17
,-192.5
,433.86
,-126.9
,1064.38
,115.37
,882.18
,-15.29
,195.17
,893.03
,532.68
,348.73
,-289.15
,637.12
,602.59
,985.25
,592.86
,-771.94
,437.85
,-39.19
,-435.99
,-71.41
,-433.76
,-26.85
,-71.07
,897.77
,168.72
,272.72
,-472.76
,-199.2
,644.18
,199.14
,1073.68
,-175.47
,846.55
,-237.59
,167.41
,244.52
,413.97
,117.89
,704.05
,242.89
,443.68
,10.64
,463.71
,155.02
,-211.29
,121.46
,73
,-20.13
,-78.84
,-135.15
,1073.49
,246.43
,-113.72
,-360.58
,-31.11
,1117.16
,31.6
,1338.94
,-312.76
,247.53
,454.28
,201.43
,617.47
,-133.94
,350.26
,716.91
,398.63
,-858.15
,-404.23
,-58.09
,-32.13
,-713.95
,-124.65
,-89.11
,-19.43
,502.02
,316.37
,179.95
,-663.61
,-53.32
,-564.84
,1122.99
,145.96
,424.37
,258.56
,-261.71
,672.47
,113.87
,433.12
,-56.88
,-303.18
,-284.72
,366.19
,406.45
,-350.67
,-341.94
,-98.92
,1126.11
,-130.37
,114.19
,220.77
,148.53
,-300.87
,-237.45
,167.82
,469.78
,373.59
,-13.94
,614.29
,522.49
,5.64
,70.98
,163.61
,117.14
,314.49
,6.77
,736.17
,353.95
,295.99
,-114.66
,285.51
,82.34
,170.98
,62.76
,234.14
,663.16
,1429.75
,615.32
,504.92
,3.86
,-496.44
,578.72
,153.03
,-462.72
,-58.74
,726.03
,842.86
,-48.45
,694.27
,452.38
,478.75
,395.09
,395.1
,186.38
,-58.62
,-163.62
,395.74
,253.17
,-73.19
,-162.47
,399.79
,-156.33
,511.42
,758.77
,247.29
,-77.06
,-157.47
,-622.57
,-492.89
,114.42
,-57.55
,-309.38
,197.69
,330.56
,538.24
,857.21
,-54.16
,708.03
,340.57
,29.27
,-122.74
,403.33
,-322.73
,137.46
,831.06
,-757.29
,-200.42
,-458.44
,-309.71
,124.29
,422.94
,112.29
,-366.73
,-74.56
,417.2
,-250.01
,-576.61
,244.02
,464.33
,132.03
,388.68
,494.87
,-551.05
,40.36
,814.02
,334.31
,-177.52
,536.57
,401.62
,-69.42
,341.15
,702.35
,85.12
,210.06
,242.63
,-189.96
,-35.63
,291.32
,-399
,257.7
,183.7
,148.84
,-160.25
,215.01
,108.42
,470.53
,481.49
,691.37
,807.71
,623.27
,309.55
,-549.88
,138.26
,-723.61
,559.06
,423.5
,379.79
,-33.22
,-113.14
,86.11
,406.5
,375.58
,-536.67
,472.79
,72.05
,269.62
,539.8
,326.73
,-191.22
,392.55
,455.55
,815.26
,63.54
,213.18
,351.09
,842.97
,237.28
,343.2
,317.9
,-132.43
,327.03
,-86.91
,392.29
,383.66
,-399.54
,-95.9
,544.74
,-15.24
,-904.31
,-575.97
,114.59
,236.63
,-55.07
,371.99
,-291.35
,266.38
,-260.71
,-27.83
,814.53
,516.79
,242.78
,21.53
,367.84
,1183.13
,300.17
,292.11
,-451.82
,95.81
,24.8
,-214.47
,463.98
,411.59
,916.57
,826.65
,-63.02
,1132.56
,117.55
,-15.33
,540.33
,119.06
,-35.78
,-44.8
,865.55
,-372.93
,1065.93
,277.41
,472.54
,201.46
,798.68
,71.31
,169.16
,217.59
,759.58
,427.54
,-125.72
,-157.82
,-845.51
,1323.74
,179.64
,-446.84
,401.78
,195.08
,40.33
,-60.96
,107.83
,391.4
,-253.48
,-419.58
,-21.06
,96.87
,-5.91
,-214.05
,-21.98
,33
,-160.22
,545.48
,-41.03
,435.69
,-81.12
,-363.34
,308.82
,244.47
,431.72
,155.57
,383.81
,301.94
,-33.44
,218.72
,771.97
,-88.85
,127.36
,-209.24
,12.42
,845.46
,230.23
,-114.15
,523.68
,27.91
,-338.51
,362.32
,-200.03
,424.92
,463.93
,-177.73
,891.86
,429.45
,718.95
,590.38
,-128.6
,481.94
,511.52
,-190.35
,-464.69
,134.53
,739.19
,213.3
,572.89
,466.5
,209.74
,115.79
,178.19
,460.6
,573.23
,-83.27
,-194.94
,216.95
,472.34
,23.36
,760.69
,-484.23
,-143.35
,-459.09
,-287.41
,354.44
,449.39
,646.95
,241.17
,-216.69
,-373.6
,264.16
,580.46
,-236.82
,-457.33
,110.18
,691.59
,322.16
,196.93
,-456.43
,380.16
,-15.36
,-153.89
,99.58
,9.64
,-326.95
,527.96
,389.07
,888.54
,-226.61
,794.14
,502.94
,252.99
,-31.9
,562.68
,-1260.92
,349.7
,-303.07
,196.17
,-231.8
,520.63
,-267.54
,20.25
,-39.63
,445.6
,-569.4
,526.95
,13.55
,108.06
,883.62
,-369.86
,-45.08
,-249.56
,-193.26
,347.28
,779.53
,596.99
,102.92
,111.59
,557.57
,678.44
,-96.17
,588.66
,-142.92
,21.25
,122.26
,358.36
,30
,224
,349.44
,-311.09
,778.96
,27.98
,283.84
,-146.78
,885.03
,453.74
,793.64
,-347.27
,331.42
,876.38
,450.13
,480.48
,1063.77
,-8.67
,471.53
,245.11
,193.96
,-66.62
,786.76
,-7.85
,893.08
,134.24
,-243.31
,113.66
,182.38
,-68.71
,556.79
,93.04
,124.46
,191.44
,635.37
,178.29
,-335.19
,507.58
,284.54
,1683.34
,528.02
,211.77
,-23.39
,853.53
,355.69
,726.66
,647.64
,576.55
,-197.53
,378.11
,568.95
,435.07
,-18.32
,459.35
,593.18
,611.17
,325.83
,473.35
,112.16
,981.64
,399.03
,74.53
,893.82
,47.17
,-303.6
,-357.75
,-213.22
,-401.48
,-56
,3.23
,1098.08
,812.49
,34.39
,707.02
,-642.8
,283.05
,364.23
,8.83
,71.67
,-279.94
,742.74
,-36.28
,111.52
,-92.17
,-293.56
,449.92
,-173.45
,143.87
,-656.05
,848.04
,169.6
,837.86
,228.56
,373.7
,-310.09
,298.06
,678.11
,643.19
,481.06
,700.34
,40.86
,370.35
,-341.92
,-30.01
,605.88
,-189.78
,-156.12
,-493.93
,291.58
,21.13
,-21.14
,-228.14
,414.87
,521.3
,548.13
,500.85
,-369.96
,-29.63
,-211.11
,670.08
,306.52
,766.43
,-155.83
,228.87
,636.67
,77.61
,-338.17
,368.77
,632.57
,513.18
,722.91
,450.87
,-569.92
,-274.87
,936.84
,-14.63
,257.58
,580.33
,461.27
,306.69
,-102.01
,160.51
,-61.88
,161.75
,229.99
,-49.75
,-186.26
,496.99
,187.06
,-385.93
,76.03
,-537.61
,-209.56
,-28.4
,-111.87
,461.82
,673.59
,338.15
,416.43
,456.64
,576.7
,22.14
,174.27
,158.41
,-227.05
,-692.67
,-360.82
,640.51
,569.68
,-138.72
,20.54
,572.8
,665.75
,629.24
,213.7
,861.78
,428.02
,118.44
,-55.42
,228.26
,644.59
,772.4
,104.91
,168.46
,606.44
,57.13
,-297.43
,847
,693.09
,224.54
,342.5
,1036.63
,-219.64
,-64.95
,248.36
,-326.82
,326.57
,168.63
,0.73
,-609.97
,134.85
,343.05
,640.01
,117.73
,860.14
,-230.09
,726.57
,204.44
,-8.16
,-161.26
,710.88
,-358.57
,215.12
,250.94
,782.59
,436.3
,110.48
,-257.09
,164.89
,-104.68
,-8.61
,-100.81
,-47.54
,348.39
,625.61
,-163.6
,-574.56
,-20.35
,-571.64
,-87.37
,203.1
,-458.7
,372.58
,328.51
,845.3
,380.44
,34.77
,41.02
,402.68
,61.85
,520.6
,53.45
,373.76
,58.19
,-101.29
,12.35
,304.2
,190.2
,0.72
,601.93
,24.43
,-189.41
,813.25
,468.26
,755.64
,954.13
,101.69
,-196.11
,-260.03
,569.1
,440.73
,182.11
,67.77
,116.31
,600.55
,-215.53
,-324.16
,-8.9
,589.73
,36.65
,444.78
,299.47
,481.36
,1572.33
,527.66
,792.46
,926.2
,794.47
,-71.58
,26.73
,914.74
,-430.38
,-312.3
,476.91
,-58.12
,603.54
,34.35
,-70.09
,-7.93
,-559.23
,632.1
,800.03
,643.27
,-96.31
,159.63
,-358.62
,757.48
,13.43
,290.2
,974.56
,324.49
,433.14
,-39.45
,550.56
,-351.18
,-11.8
,117.07
,945.75
,257.2
,-234.91
,101.72
,185.31
,16.36
,-216.75
,280.45
,376.25
,905.98
,160.32
,-88.62
,-110.12
,598.88
,759.41
,175.25
,748.93
,319.11
,74.36
,40.06
,553.36
,147.64
,392.66
,567.82
,16.27
,280.52
,213.42
,404.6
,602.81
,338.58
,267.02
,115.2
,580.8
,-124.48
,0.84
,448.41
,1144.47
,-440.78
,-346.13
,-13.91
,591.87
,211.04
,608.76
,565.68
,-727.18
,796.29
,49.86
,-209.92
,537.92
,961.03
,318.43
,-300.69
,212.18
,705.55
,34.3
,673.23
,124.02
,496.78
,278.39
,252.96
,200.52
,63.52
,529.95
,300.36
,1139.65
,150.88
,435.27
,595.31
,810.3
,42.18
,1213.32
,529.63
,-84.85
,345.01
,612.7
,-135.49
,-640.79
,44.32
,938.4
,-259.33
,593.52
,-90.54
,168.89
,311.94
,71.63
,678.09
,-115.35
,1200.4
,-73.45
,-168.02
,-60.37
,818.38
,-248.08
,287.52
,-109.8
,559.71
,-328.23
,55.94
,120.12
,330.11
,430
,-218.84
,-349.46
,206.2
,187.7
,510.3
,331.88
,283.7
,216.64
,-50.3
,879.81
,-345.56
,3.88
,195.21
,-344.47
,202.53
,-478.43
,-214.77
,300.39
,825.16
,556.74
,-130.23
,235.77
,307.93
,468.91
,255.97
,-17.75
,165.03
,-98.26
,-503.06
,625.02
,100.95
,556.46
,-35.13
,-77.07
,240.58
,-151.26
,-24.42
,132.57
,-182.3
,418.55
,-138.18
,-254.41
,21.2
,605.32
,-254.28
,71.39
,682.98
,50.98
,825.8
,107.47
,893.93
,-1.95
,578.78
,77.77
,43.52
,107.67
,-0.5
,-304.09
,161.7
,401.16
,-158.26
,339.65
,-74.86
,803.26
,567.51
,1250.86
,442.53
,579.52
,-43.47
,-162.61
,239.73
,15.08
,-885.66
,794.55
,240.4
,317.82
,610.63
,427.21
,494.72
,1187.97
,64.05
,-14.77
,481.33
,-137.65
,130.32
,643.02
,572.16
,533.82
,-904.27
,-129.59
,297.63
,578.56
,43.92
,-357.35
,-127.47
,235.85
,828.91
,334.53
,486.19
,-148.51
,-134.29
,-585.54
,84.05
,804.27
,625.73
,394.17
,1363.98
,-90.61
,488.65
,535.33
,384.81
,695.29
,-152.5
,13.99
,-432.08
,174.3
,-263.71
,295.3
,528.01
,365.5
,-137.29
,414.41
,770.46
,498.75
,535.8
,-35.29
,110.32
,433.98
,549.85
,314.86
,-138.69
,512.45
,230.35
,168.11
,18.83
,-70.67
,-243.23
,-465.93
,-164.36
,706.14
,41.58
,471.8
,-286.6
,639.62
,1262.37
,1188.64
,218.66
,499.84
,130.98
,-203.74
,279.99
,309.21
,-335.29
,546.51
,-63.47
,-206.94
,-154.06
,175.31
,206.56
,288.95
,-25.31
,58.22
,-1.24
,644.03
,136.9
,202.88
,-214.18
,252.37
,-364.97
,-24.54
,31.56
,376.04
,422
,556.52
,44.45
,292.69
,209.18
,-223.19
,173.17
,446.3
,713.57
,444.63
,-297.86
,-431.17
,-223.8
,763.98
,604.7
,698.06
,301.12
,-67.45
,-351.64
,411.51
,-403.68
,385.05
,-439.54
,-511.71
,-266.44
,252.33
,-41.11
,102.03
,16.12
,254.37
,151.54
,259.15
,29.65
,294.69
,32.39
,23.97
,-488.87
,104.19
,455.14
,-365.9
,-128.78
,355.89
,360.37
,715.46
,229.44
,-361.91
,96.31
,-21.89
,-71.9
,-224.87
,-340.4
,443.27
,-140.14
,317.81
,287.59
,750.34
,673.27
,555.19
,632.24
,545.05
,167.1
,-164.38
,477.54
,61.84
,189.89
,-114.44
,-369.66
,-179.08
,25.08
,727.19
,406.42
,-944.53
,635.19
,621.64
,152.13
,600.12
,580.59
,462.62
,467.99
,-243.24
,810.74
,779.12
,97.29
,670.62
,-85.72
,12.39
,-6.81
,-50.24
,220.98
,232.41
,-83.77
,-902.4
,440.4
,829.88
,141.7
,-257.68
,66.38
,476.38
,329.34
,254.27
,90.45
,-130.77
,512.88
,566.27
,395.52
,169.65
,867.39
,777.23
,449.76
,-296.66
,829.16
,375.14
,-288.89
,369.74
,1193.51
,228.05
,-542.46
,320.78
,-163.99
,722.14
,9.13
,87.24
,-178.96
,229.63
,696.2
,745.24
,155.47
,49.97
,93.67
,563.26
,567.76
,31.35
,21.37
,429.4
,-105.74
,-637.63
,-849.34
,-287.6
,491.27
,298.12
,352.71
,-116.28
,-100.16
,285.94
,-426.39
,-44.84
,572.41
,-645.27
,234.05
,-124.49
,-240.83
,508.11
,615.19
,282.74
,-236.42
,512.4
,374.37
,1.95
,452.41
,-64.6
,67.31
,-182.01
,958.56
,29.14
,-186.39
,-89.38
,497.63
,306.44
,17.58
,249.58
,-951.71
,410.79
,-551.94
,119.17
,-10.49
,-66
,-305.55
,423.86
,63.01
,686.54
,339.09
,714.97
,-41.13
,229.71
,0.46
,402.87
,647.05
,148.03
,-155.95
,-7.86
,368.53
,82.01
,708.92
,-444.37
,755.94
,-108.82
,192.41
,409.57
,66.5
,183.51
,88.71
,-364.39
,389.95
,-234.78
,105.67
,-438.67
,729.2
,413.02
,-224.12
,-100.82
,466.26
,-392.76
,631.85
,270.21
,-9.61
,650.04
,440.5
,615.03
,178.51
,-0.69
,380.3
,433.82
,-607.16
,185.32
,646.99
,-275.57
,346.55
,571.26
,1009.96
,83.86
,-294.75
,53.83
,25.02
,-115.83
,436.52
,302.5
,506.67
,90.4
,178.01
,456.33
,608.64
,556.66
,792.14
,462.3
,481.63
,-26.3
,681.28
,-132.05
,-24.77
,738.75
,123.35
,25.57
,-153.05
,-257.4
,-375.31
,451.09
,-482.96
,131.84
,-125.1
,203.07
,440.67
,583.43
,307.41
,14.39
,-140.7
,240.17
,176.13
,774.02
,671.41
,44.28
,-32.51
,1173.01
,286.13
,356.6
,-245.46
,878.28
,527.85
,66.49
,-178.45
,499.47
,-210.6
,451.81
,960.14
,142.28
,573.7
,-600.75
,145.78
,276.16
,67.76
,482.57
,294.57
,86.15
,103.7
,-405.63
,107.1
,-43.56
,874.6
,793.56
,-289.42
,98.36
,255.46
,551.31
,587.34
,237.57
,-276.62
,261.78
,991.23
,363.98
,-197.15
,99.02
,204.13
,189.41
,-73.5
,23.7
,147.13
,725.86
,22.73
,635.73
,644.42
,578.97
,1155.83
,721.02
,811.26
,1077.88
,-181.71
,-683.26
,-223.45
,97.8
,-107.63
,475.82
,-99.28
,277.59
,-226.47
,384.27
,-290.63
,571.36
,-163.9
,183.66
,70.52
,-151.65
,-83.03
,-117.92
,-557.02
,-350.63
,-723.48
,-396.26
,-47.42
,-173.27
,-151.65
,390.89
,1004.7
,-49.36
,80.69
,320.72
,1117.75
,-364.54
,-345.85
,-621.18
,-241.05
,111.01
,660.95
,421.74
,-49.26
,-550.71
,462.65
,39.66
,115.68
,277.79
,455.66
,-225.56
,381.79
,150.71
,84.71
,182.08
,297.29
,207.82
,39.73
,566.98
,280.65
,-190.98
,435.21
,-256.85
,-232.09
,-141.32
,391.74
,-201.15
,235.91
,-101.72
,131.67
,40.05
,382.98
,617.59
,-200.52
,172.09
,750.2
,459.18
,313.1
,115.42
,163.03
,275.48
,-57.73
,-1.14
,-473.77
,212.18
,226.44
,-152.28
,-36.22
,-173.39
,-195.22
,602.35
,593.17
,695
,-3.09
,-9.96
,-406.28
,111.58
,623.19
,-773.14
,-149.65
,